TOA5,CR1000,CR1000,8841,CR1000.Std.25,CPU:lab6_CS.CR1,58691,CS
TIMESTAMP,RECORD,Batt_Volt_Min,T_CS,RH_CS,,,
TS,RN,Volts,degC,%,,,
,,Min,Smp,Smp,,,
2020-02-13 13:08,0,13.15,22.47,30.93,,,
2020-02-14 11:14,0,13.18,23.87,30.24,,,
2020-02-14 11:14,1,13.18,23.87,30.31,,,
2020-02-14 11:14,2,13.19,23.83,30.31,,,
2020-02-14 11:14,3,13.17,23.75,30.31,,,
2020-02-14 11:14,4,13.17,23.85,30.36,,,
2020-02-14 11:14,5,13.18,23.85,30.27,,,
2020-02-14 11:14,6,13.18,23.8,30.29,,,
2020-02-14 11:14,7,13.18,23.85,30.27,,,
2020-02-14 11:14,8,13.18,23.85,30.24,,,
2020-02-14 11:14,9,13.18,23.87,30.26,,,
2020-02-14 11:14,10,13.18,23.87,30.27,,,
2020-02-14 11:14,11,13.18,23.82,30.24,,,
2020-02-14 11:14,12,13.18,23.85,30.2,,,
2020-02-14 11:14,13,13.18,23.83,30.27,,,
2020-02-14 11:14,14,13.18,23.78,30.31,,,
2020-02-14 11:14,15,13.18,23.78,30.26,,,
2020-02-14 11:14,16,13.18,23.8,30.27,,,
2020-02-14 11:14,17,13.18,23.85,30.27,,,
2020-02-14 11:14,18,13.18,23.83,30.29,,,
2020-02-14 11:14,19,13.18,23.76,30.27,,,
2020-02-14 11:14,20,13.18,23.78,30.26,,,
2020-02-14 11:14,21,13.18,23.8,30.24,,,
2020-02-14 11:14,22,13.18,23.8,30.22,,,
2020-02-14 11:14,23,13.17,23.76,30.26,,,
2020-02-14 11:14,24,13.18,23.76,30.26,,,
2020-02-14 11:14,25,13.18,23.87,30.26,,,
2020-02-14 11:14,26,13.18,23.85,30.22,,,
2020-02-14 11:14,27,13.17,23.85,30.24,,,
2020-02-14 11:14,28,13.18,23.76,30.27,,,
2020-02-14 11:14,29,13.19,23.83,30.26,,,
2020-02-14 11:14,30,13.17,23.76,30.26,,,
2020-02-14 11:14,31,13.19,23.78,30.32,,,
2020-02-14 11:14,32,13.18,23.78,30.66,,,
2020-02-14 11:14,33,13.18,23.73,31.02,,,
2020-02-14 11:14,34,13.17,23.76,31.16,,,
2020-02-14 11:14,35,13.18,23.82,31.31,,,
2020-02-14 11:14,36,13.18,23.78,31.31,,,
2020-02-14 11:14,37,13.18,23.76,31.36,,,
2020-02-14 11:14,38,13.17,23.73,31.48,,,
2020-02-14 11:14,39,13.18,23.82,31.6,,,
2020-02-14 11:14,40,13.17,23.87,31.63,,,
2020-02-14 11:14,41,13.18,23.78,31.58,,,
2020-02-14 11:14,42,13.17,23.83,31.53,,,
2020-02-14 11:14,43,13.18,23.73,31.43,,,
2020-02-14 11:14,44,13.18,23.73,31.36,,,
2020-02-14 11:14,45,13.17,23.8,31.36,,,
2020-02-14 11:14,46,13.18,23.85,31.24,,,
2020-02-14 11:14,47,13.17,23.82,31.17,,,
2020-02-14 11:14,48,13.18,23.85,31.14,,,
2020-02-14 11:14,49,13.18,23.85,31.63,,,
2020-02-14 11:14,50,13.18,23.85,37.69,,,
2020-02-14 11:14,51,13.17,23.82,41.54,,,
2020-02-14 11:14,52,13.18,23.82,47.72,,,
2020-02-14 11:14,53,13.18,23.9,51.16,,,
2020-02-14 11:15,54,13.18,23.87,52.16,,,
2020-02-14 11:15,55,13.18,24.02,52.43,,,
2020-02-14 11:15,56,13.17,23.92,52.01,,,
2020-02-14 11:15,57,13.17,23.88,50.52,,,
2020-02-14 11:15,58,13.18,23.9,49.55,,,
2020-02-14 11:15,59,13.18,23.85,47.26,,,
2020-02-14 11:15,60,13.17,23.88,46.04,,,
2020-02-14 11:15,61,13.17,23.92,43.66,,,
2020-02-14 11:15,62,13.18,23.9,42.15,,,
2020-02-14 11:15,63,13.18,23.85,41.03,,,
2020-02-14 11:15,64,13.18,23.85,39.47,,,
2020-02-14 11:15,65,13.18,23.83,38.72,,,
2020-02-14 11:15,66,13.18,23.85,37.55,,,
2020-02-14 11:15,67,13.17,23.85,37.08,,,
2020-02-14 11:15,68,13.17,23.81,36.16,,,
2020-02-14 11:15,69,13.17,23.85,35.8,,,
2020-02-14 11:15,70,13.17,23.85,35.13,,,
2020-02-14 11:15,71,13.18,23.87,34.82,,,
2020-02-14 11:15,72,13.17,23.85,34.28,,,
2020-02-14 11:15,73,13.17,23.83,33.85,,,
2020-02-14 11:15,74,13.18,23.81,33.65,,,
2020-02-14 11:15,75,13.18,23.85,33.26,,,
2020-02-14 11:15,76,13.17,23.85,33.12,,,
2020-02-14 11:15,77,13.18,23.85,32.82,,,
2020-02-14 11:15,78,13.17,23.81,32.66,,,
2020-02-14 11:15,79,13.17,23.85,32.41,,,
2020-02-14 11:15,80,13.17,23.85,32.31,,,
2020-02-14 11:15,81,13.18,23.85,32.12,,,
2020-02-14 11:15,82,13.18,23.83,31.99,,,
2020-02-14 11:15,83,13.18,23.85,31.93,,,
2020-02-14 11:15,84,13.17,23.86,31.9,,,
2020-02-14 11:15,85,13.18,23.83,31.85,,,
2020-02-14 11:15,86,13.17,23.81,31.75,,,
2020-02-14 11:15,87,13.18,23.83,31.66,,,
2020-02-14 11:15,88,13.17,23.83,31.56,,,
2020-02-14 11:15,89,13.17,23.86,31.53,,,
2020-02-14 11:15,90,13.17,23.86,31.43,,,
2020-02-14 11:15,91,13.17,23.85,31.37,,,
2020-02-14 11:15,92,13.17,23.85,31.29,,,
2020-02-14 11:15,93,13.18,23.85,31.22,,,
2020-02-14 11:15,94,13.17,23.85,31.21,,,
2020-02-14 11:15,95,13.17,23.85,31.12,,,
2020-02-14 11:15,96,13.18,23.81,31.05,,,
2020-02-14 11:15,97,13.17,23.85,31.07,,,
2020-02-14 11:15,98,13.17,23.83,31.04,,,
2020-02-14 11:15,99,13.17,23.85,31.07,,,
2020-02-14 11:15,100,13.17,23.85,31.19,,,
2020-02-14 11:15,101,13.17,23.85,31.44,,,
2020-02-14 11:15,102,13.17,23.86,31.8,,,
2020-02-14 11:15,103,13.17,23.83,32.05,,,
2020-02-14 11:15,104,13.17,23.81,32.41,,,
2020-02-14 11:15,105,13.18,23.85,32.53,,,
2020-02-14 11:15,106,13.18,23.8,32.77,,,
2020-02-14 11:15,107,13.17,23.86,32.94,,,
2020-02-14 11:15,108,13.17,23.83,33.14,,,
2020-02-14 11:15,109,13.17,23.81,33.17,,,
2020-02-14 11:15,110,13.18,23.81,33.04,,,
2020-02-14 11:15,111,13.18,23.83,33,,,
2020-02-14 11:15,112,13.17,23.85,32.73,,,
2020-02-14 11:15,113,13.17,23.83,32.16,,,
2020-02-14 11:16,114,13.17,23.81,31.73,,,
2020-02-14 11:16,115,13.17,23.8,30.95,,,
2020-02-14 11:16,116,13.17,23.78,30.46,,,
2020-02-14 11:16,117,13.17,23.86,29.53,,,
2020-02-14 11:16,118,13.17,23.76,29.15,,,
2020-02-14 11:16,119,13.17,23.83,28.34,,,
2020-02-14 11:16,120,13.17,23.86,27.96,,,
2020-02-14 11:16,121,13.18,23.81,27.27,,,
2020-02-14 11:16,122,13.17,23.83,26.74,,,
2020-02-14 11:16,123,13.17,23.76,26.39,,,
2020-02-14 11:16,124,13.17,23.78,25.88,,,
2020-02-14 11:16,125,13.17,23.81,25.66,,,
2020-02-14 11:16,126,13.17,23.8,25.2,,,
2020-02-14 11:16,127,13.17,23.8,24.99,,,
2020-02-14 11:16,128,13.17,23.8,24.69,,,
2020-02-14 11:16,129,13.17,23.78,24.55,,,
2020-02-14 11:16,130,13.17,23.86,24.32,,,
2020-02-14 11:16,131,13.17,23.8,24.13,,,
2020-02-14 11:16,132,13.17,23.76,23.96,,,
2020-02-14 11:16,133,13.17,23.86,23.79,,,
2020-02-14 11:16,134,13.17,23.88,23.69,,,
2020-02-14 11:16,135,13.17,23.76,23.54,,,
2020-02-14 11:16,136,13.17,23.81,23.47,,,
2020-02-14 11:16,137,13.17,23.76,23.37,,,
2020-02-14 11:16,138,13.17,23.78,23.3,,,
2020-02-14 11:16,139,13.17,23.78,23.13,,,
2020-02-14 11:16,140,13.17,23.8,23.06,,,
2020-02-14 11:16,141,13.18,23.8,22.92,,,
2020-02-14 11:16,142,13.17,23.8,22.81,,,
2020-02-14 11:16,143,13.18,23.85,22.74,,,
2020-02-14 11:16,144,13.17,23.8,22.62,,,
2020-02-14 11:16,145,13.17,23.83,22.55,,,
2020-02-14 11:16,146,13.17,23.85,22.48,,,
2020-02-14 11:16,147,13.17,23.83,22.4,,,
2020-02-14 11:16,148,13.17,23.85,22.35,,,
2020-02-14 11:16,149,13.17,23.88,22.3,,,
2020-02-14 11:16,150,13.17,23.85,22.21,,,
2020-02-14 11:16,151,13.17,23.88,22.2,,,
2020-02-14 11:16,152,13.17,23.85,22.06,,,
2020-02-14 11:16,153,13.17,23.85,21.77,,,
2020-02-14 11:16,154,13.17,23.85,21.52,,,
2020-02-14 11:16,155,13.17,23.85,20.99,,,
2020-02-14 11:16,156,13.17,23.85,20.67,,,
2020-02-14 11:16,157,13.16,23.85,20.09,,,
2020-02-14 11:16,158,13.16,23.85,19.85,,,
2020-02-14 11:16,159,13.17,23.88,19.43,,,
2020-02-14 11:16,160,13.17,23.85,19.14,,,
2020-02-14 11:16,161,13.17,23.88,18.6,,,
2020-02-14 11:16,162,13.17,23.83,18.24,,,
2020-02-14 11:16,163,13.17,23.85,18.07,,,
2020-02-14 11:16,164,13.17,23.87,17.85,,,
2020-02-14 11:16,165,13.17,23.88,17.72,,,
2020-02-14 11:16,166,13.17,23.87,17.63,,,
2020-02-14 11:16,167,13.17,23.86,17.53,,,
2020-02-14 11:16,168,13.17,23.85,17.48,,,
2020-02-14 11:16,169,13.17,23.88,17.51,,,
2020-02-14 11:16,170,13.17,23.86,17.48,,,
2020-02-14 11:16,171,13.17,23.85,17.51,,,
2020-02-14 11:16,172,13.17,23.85,17.56,,,
2020-02-14 11:16,173,13.17,23.86,17.63,,,
2020-02-14 11:17,174,13.16,23.88,17.73,,,
2020-02-14 11:17,175,13.17,23.88,17.78,,,
2020-02-14 11:17,176,13.17,23.86,17.82,,,
2020-02-14 11:17,177,13.16,23.88,17.95,,,
2020-02-14 11:17,178,13.17,23.81,18,,,
2020-02-14 11:17,179,13.17,23.83,18.14,,,
2020-02-14 11:17,180,13.16,23.86,18.19,,,
2020-02-14 11:17,181,13.17,23.85,18.29,,,
2020-02-14 11:17,182,13.16,23.86,18.39,,,
2020-02-14 11:17,183,13.17,23.85,18.5,,,
2020-02-14 11:17,184,13.17,23.86,18.63,,,
2020-02-14 11:17,185,13.17,23.83,18.65,,,
2020-02-14 11:17,186,13.17,23.85,18.46,,,
2020-02-14 11:17,187,13.17,23.88,18.29,,,
2020-02-14 11:17,188,13.16,23.85,17.49,,,
2020-02-14 11:17,189,13.17,23.86,17.12,,,
2020-02-14 11:17,190,13.16,23.8,16.27,,,
2020-02-14 11:17,191,13.17,23.85,15.88,,,
2020-02-14 11:17,192,13.17,23.88,15.14,,,
2020-02-14 11:17,193,13.16,23.86,14.49,,,
2020-02-14 11:17,194,13.15,23.86,14.22,,,
2020-02-14 11:17,195,13.16,23.88,13.63,,,
2020-02-14 11:17,196,13.16,23.85,13.34,,,
2020-02-14 11:17,197,13.16,23.78,12.83,,,
2020-02-14 11:17,198,13.17,23.88,12.62,,,
2020-02-14 11:17,199,13.16,23.85,12.25,,,
2020-02-14 11:17,200,13.15,23.88,12.06,,,
2020-02-14 11:17,201,13.16,23.85,11.71,,,
2020-02-14 11:17,202,13.17,23.85,11.34,,,
2020-02-14 11:17,203,13.16,23.87,11.06,,,
2020-02-14 11:17,204,13.16,23.87,10.62,,,
2020-02-14 11:17,205,13.17,23.81,10.44,,,
2020-02-14 11:17,206,13.15,23.81,9.98,,,
2020-02-14 11:17,207,13.17,23.87,9.79,,,
2020-02-14 11:17,208,13.16,23.8,9.45,,,
2020-02-14 11:17,209,13.16,23.78,9.37,,,
2020-02-14 11:17,210,13.16,23.92,9.3,,,
2020-02-14 11:17,211,13.15,23.87,9.23,,,
2020-02-14 11:17,212,13.16,23.85,9.25,,,
2020-02-14 11:17,213,13.15,23.88,9.25,,,
2020-02-14 11:17,214,13.17,23.87,9.21,,,
2020-02-14 11:17,215,13.15,23.85,9.25,,,
2020-02-14 11:17,216,13.16,23.85,9.15,,,
2020-02-14 11:17,217,13.15,23.93,8.87,,,
2020-02-14 11:17,218,13.15,23.88,8.72,,,
2020-02-14 11:17,219,13.15,23.93,8.2,,,
2020-02-14 11:17,220,13.15,23.97,8.01,,,
2020-02-14 11:17,221,13.15,23.95,7.619,,,
2020-02-14 11:17,222,13.17,23.9,7.263,,,
2020-02-14 11:17,223,13.15,23.93,7.076,,,
2020-02-14 11:17,224,13.15,23.93,6.72,,,
2020-02-14 11:17,225,13.15,23.97,6.567,,,
2020-02-14 11:17,226,13.15,23.97,6.295,,,
2020-02-14 11:17,227,13.16,23.92,6.109,,,
2020-02-14 11:17,228,13.16,23.9,5.871,,,
2020-02-14 11:17,229,13.15,23.9,5.752,,,
2020-02-14 11:17,230,13.15,23.98,5.515,,,
2020-02-14 11:17,231,13.16,23.93,5.362,,,
2020-02-14 11:17,232,13.15,23.95,5.176,,,
2020-02-14 11:17,233,13.16,24,4.972,,,
2020-02-14 11:18,234,13.16,24,4.887,,,
2020-02-14 11:18,235,13.15,24,4.717,,,
2020-02-14 11:18,236,13.15,23.98,4.7,,,
2020-02-14 11:18,237,13.15,23.95,4.531,,,
2020-02-14 11:18,238,13.15,23.98,4.497,,,
2020-02-14 11:18,239,13.15,24,4.378,,,
2020-02-14 11:18,240,13.15,24,4.327,,,
2020-02-14 11:18,241,13.15,24.02,4.208,,,
2020-02-14 11:18,242,13.15,23.95,4.073,,,
2020-02-14 11:18,243,13.15,24,4.022,,,
2020-02-14 11:18,244,13.15,24.02,4.005,,,
2020-02-14 11:18,245,13.15,23.98,3.903,,,
2020-02-14 11:18,246,13.17,23.97,3.818,,,
2020-02-14 11:18,247,13.16,24.02,3.767,,,
2020-02-14 11:18,248,13.16,24.02,3.665,,,
2020-02-14 11:18,249,13.16,24.04,3.648,,,
2020-02-14 11:18,250,13.16,24.04,3.58,,,
2020-02-14 11:18,251,13.15,24.09,3.513,,,
2020-02-14 11:18,252,13.15,24.1,3.445,,,
2020-02-14 11:18,253,13.16,24.07,3.394,,,
2020-02-14 11:18,254,13.15,24.09,3.36,,,
2020-02-14 11:18,255,13.15,24.05,3.275,,,
2020-02-14 11:18,256,13.15,24.09,3.207,,,
2020-02-14 11:18,257,13.16,24.12,3.173,,,
2020-02-14 11:18,258,13.15,24.07,3.139,,,
2020-02-14 11:18,259,13.15,24,3.156,,,
2020-02-14 11:18,260,13.15,24.07,3.105,,,
2020-02-14 11:18,261,13.15,24.07,3.037,,,
2020-02-14 11:18,262,13.15,24.14,3.037,,,
2020-02-14 11:18,263,13.15,24.05,2.936,,,
2020-02-14 11:18,264,13.15,24.02,2.902,,,
2020-02-14 11:18,265,13.15,24.04,2.885,,,
2020-02-14 11:18,266,13.15,24.1,2.817,,,
2020-02-14 11:18,267,13.15,24.15,2.851,,,
2020-02-14 11:18,268,13.15,24.07,2.817,,,
2020-02-14 11:18,269,13.15,24.04,2.783,,,
2020-02-14 11:18,270,13.15,24,2.749,,,
2020-02-14 11:18,271,13.15,24.09,2.732,,,
2020-02-14 11:18,272,13.15,24.15,2.698,,,
2020-02-14 11:18,273,13.15,24.04,2.664,,,
2020-02-14 11:18,274,13.15,24.04,2.63,,,
2020-02-14 11:18,275,13.15,24.05,2.63,,,
2020-02-14 11:18,276,13.15,24.14,2.596,,,
2020-02-14 11:18,277,13.15,24.09,2.579,,,
2020-02-14 11:18,278,13.15,24.05,2.562,,,
2020-02-14 11:18,279,13.15,24.02,2.528,,,
2020-02-14 11:18,280,13.14,24.1,2.545,,,
2020-02-14 11:18,281,13.14,24.1,2.494,,,
2020-02-14 11:18,282,13.15,24.07,2.477,,,
2020-02-14 11:18,283,13.14,24.05,2.461,,,
2020-02-14 11:18,284,13.15,24.04,2.494,,,
2020-02-14 11:18,285,13.15,24.1,2.477,,,
2020-02-14 11:18,286,13.15,24.1,2.444,,,
2020-02-14 11:18,287,13.14,24.07,2.444,,,
2020-02-14 11:18,288,13.15,24.05,2.444,,,
2020-02-14 11:18,289,13.15,24.02,2.427,,,
2020-02-14 11:18,290,13.14,24.14,2.444,,,
2020-02-14 11:18,291,13.15,24.1,2.393,,,
2020-02-14 11:18,292,13.15,24.05,2.393,,,
2020-02-14 11:18,293,13.14,23.97,2.393,,,
2020-02-14 11:19,294,13.14,24,2.359,,,
2020-02-14 11:19,295,13.14,24.07,2.376,,,
2020-02-14 11:19,296,13.14,24,2.376,,,
2020-02-14 11:19,297,13.15,24.07,2.342,,,
2020-02-14 11:19,298,13.15,24.07,2.325,,,
2020-02-14 11:19,299,13.15,24.09,2.325,,,
2020-02-14 11:19,300,13.14,24.07,2.359,,,
2020-02-14 11:19,301,13.15,23.98,2.376,,,
2020-02-14 11:19,302,13.14,23.97,2.342,,,
2020-02-14 11:19,303,13.14,24,2.325,,,
2020-02-14 11:19,304,13.14,24.07,2.325,,,
2020-02-14 11:19,305,13.14,24,2.376,,,
2020-02-14 11:19,306,13.14,24.1,2.376,,,
2020-02-14 11:19,307,13.15,24.05,2.325,,,
2020-02-14 11:19,308,13.14,23.95,2.308,,,
2020-02-14 11:19,309,13.15,24,2.325,,,
2020-02-14 11:19,310,13.15,24.07,2.342,,,
2020-02-14 11:19,311,13.14,24.12,2.376,,,
2020-02-14 11:19,312,13.15,23.97,2.325,,,
2020-02-14 11:19,313,13.15,24.05,2.308,,,
2020-02-14 11:19,314,13.14,24.07,2.359,,,
2020-02-14 11:19,315,13.14,24.04,2.376,,,
2020-02-14 11:19,316,13.15,24.09,2.342,,,
2020-02-14 11:19,317,13.14,24.09,2.308,,,
2020-02-14 11:19,318,13.14,24,2.308,,,
2020-02-14 11:19,319,13.15,24.07,2.308,,,
2020-02-14 11:19,320,13.14,24.05,2.325,,,
2020-02-14 11:19,321,13.14,24.09,2.325,,,
2020-02-14 11:19,322,13.14,24.05,2.308,,,
2020-02-14 11:19,323,13.14,23.99,2.291,,,
2020-02-14 11:19,324,13.14,24.02,2.325,,,
2020-02-14 11:19,325,13.14,24.02,2.291,,,
2020-02-14 11:19,326,13.14,24.05,2.291,,,
2020-02-14 11:19,327,13.14,24.05,2.274,,,
2020-02-14 11:19,328,13.14,24.05,2.291,,,
2020-02-14 11:19,329,13.14,24.07,2.274,,,
2020-02-14 11:19,330,13.15,24.04,2.257,,,
2020-02-14 11:19,331,13.15,24.05,2.257,,,
2020-02-14 11:19,332,13.14,24,2.257,,,
2020-02-14 11:19,333,13.14,24.05,2.24,,,
2020-02-14 11:19,334,13.14,24.05,2.291,,,
2020-02-14 11:19,335,13.14,24.05,2.24,,,
2020-02-14 11:19,336,13.14,24.09,2.24,,,
2020-02-14 11:19,337,13.14,23.99,2.24,,,
2020-02-14 11:19,338,13.14,23.95,2.223,,,
2020-02-14 11:19,339,13.14,24.1,2.223,,,
2020-02-14 11:19,340,13.14,24.05,2.206,,,
2020-02-14 11:19,341,13.14,24.07,2.206,,,
2020-02-14 11:19,342,13.14,23.99,2.206,,,
2020-02-14 11:19,343,13.14,24.05,2.172,,,
2020-02-14 11:19,344,13.14,24.09,2.206,,,
2020-02-14 11:19,345,13.14,24.04,2.172,,,
2020-02-14 11:19,346,13.14,24.05,2.206,,,
2020-02-14 11:19,347,13.14,24.02,2.189,,,
2020-02-14 11:19,348,13.14,24.05,2.138,,,
2020-02-14 11:19,349,13.15,24.09,2.155,,,
2020-02-14 11:19,350,13.14,24,2.138,,,
2020-02-14 11:19,351,13.14,24.05,2.155,,,
2020-02-14 11:19,352,13.14,24.09,2.155,,,
2020-02-14 11:19,353,13.14,24.02,2.138,,,
2020-02-14 11:20,354,13.14,24.02,2.121,,,
2020-02-14 11:20,355,13.14,23.99,2.172,,,
2020-02-14 11:20,356,13.14,23.97,2.121,,,
2020-02-14 11:20,357,13.14,24,2.087,,,
2020-02-14 11:20,358,13.14,23.99,2.104,,,
2020-02-14 11:20,359,13.14,24,2.087,,,
2020-02-14 11:20,360,13.14,24.04,2.121,,,
2020-02-14 11:20,361,13.14,24.04,2.07,,,
2020-02-14 11:20,362,13.14,24.02,2.104,,,
2020-02-14 11:20,363,13.14,24.02,2.104,,,
2020-02-14 11:20,364,13.13,23.99,2.104,,,
2020-02-14 11:20,365,13.14,24.04,2.104,,,
2020-02-14 11:20,366,13.14,24.02,2.104,,,
2020-02-14 11:20,367,13.14,24.02,2.104,,,
2020-02-14 11:20,368,13.14,24,2.138,,,
2020-02-14 11:20,369,13.14,24,2.104,,,
2020-02-14 11:20,370,13.14,24.04,2.087,,,
2020-02-14 11:20,371,13.13,24.04,2.087,,,
2020-02-14 11:20,372,13.13,24,2.053,,,
2020-02-14 11:20,373,13.14,24,2.087,,,
2020-02-14 11:20,374,13.14,23.99,2.087,,,
2020-02-14 11:20,375,13.14,24,2.07,,,
2020-02-14 11:20,376,13.14,24.04,2.053,,,
2020-02-14 11:20,377,13.14,24,2.053,,,
2020-02-14 11:20,378,13.14,23.99,2.053,,,
2020-02-14 11:20,379,13.14,23.97,2.053,,,
2020-02-14 11:20,380,13.14,24,2.036,,,
2020-02-14 11:20,381,13.14,24,2.036,,,
2020-02-14 11:20,382,13.14,23.99,2.036,,,
2020-02-14 11:20,383,13.13,23.99,2.053,,,
2020-02-14 11:20,384,13.13,23.99,2.036,,,
2020-02-14 11:20,385,13.14,24,2.036,,,
2020-02-14 11:20,386,13.14,24.04,2.019,,,
2020-02-14 11:20,387,13.13,23.99,2.019,,,
2020-02-14 11:20,388,13.14,23.99,2.002,,,
2020-02-14 11:20,389,13.14,23.97,2.036,,,
2020-02-14 11:20,390,13.14,23.97,2.019,,,
2020-02-14 11:20,391,13.14,24.02,2.036,,,
2020-02-14 11:20,392,13.13,23.99,2.002,,,
2020-02-14 11:20,393,13.13,23.97,1.985,,,
2020-02-14 11:20,394,13.14,23.95,1.985,,,
2020-02-14 11:20,395,13.14,23.99,1.985,,,
2020-02-14 11:20,396,13.13,24.04,2.002,,,
2020-02-14 11:20,397,13.13,24,2.002,,,
2020-02-14 11:20,398,13.14,24,2.002,,,
2020-02-14 11:20,399,13.13,24,2.002,,,
2020-02-14 11:20,400,13.14,24,1.968,,,
2020-02-14 11:20,401,13.13,24.05,2.002,,,
2020-02-14 11:20,402,13.13,24.02,1.985,,,
2020-02-14 11:20,403,13.13,23.99,1.951,,,
2020-02-14 11:20,404,13.14,24.02,1.968,,,
2020-02-14 11:20,405,13.13,24,1.968,,,
2020-02-14 11:20,406,13.13,24.05,1.951,,,
2020-02-14 11:20,407,13.14,24.04,1.968,,,
2020-02-14 11:20,408,13.14,24.02,1.968,,,
2020-02-14 11:20,409,13.13,24,1.968,,,
2020-02-14 11:20,410,13.14,24,1.968,,,
2020-02-14 11:20,411,13.13,24.04,1.985,,,
2020-02-14 11:20,412,13.13,24,1.951,,,
2020-02-14 11:20,413,13.13,24,1.951,,,
2020-02-14 11:21,414,13.14,24.02,1.968,,,
2020-02-14 11:21,415,13.13,23.99,1.934,,,
2020-02-14 11:21,416,13.13,24.04,1.934,,,
2020-02-14 11:21,417,13.13,24.02,1.951,,,
2020-02-14 11:21,418,13.13,23.99,1.934,,,
2020-02-14 11:21,419,13.13,23.99,1.951,,,
2020-02-14 11:21,420,13.13,23.99,1.918,,,
2020-02-14 11:21,421,13.13,24.02,1.934,,,
2020-02-14 11:21,422,13.13,24.04,1.968,,,
2020-02-14 11:21,423,13.13,23.99,1.934,,,
2020-02-14 11:21,424,13.13,23.99,1.934,,,
2020-02-14 11:21,425,13.14,23.97,1.918,,,
2020-02-14 11:21,426,13.13,23.99,1.884,,,
2020-02-14 11:21,427,13.14,24.02,1.918,,,
2020-02-14 11:21,428,13.13,23.97,1.918,,,
2020-02-14 11:21,429,13.13,23.93,1.918,,,
2020-02-14 11:21,430,13.13,23.95,1.918,,,
2020-02-14 11:21,431,13.13,23.95,1.918,,,
2020-02-14 11:21,432,13.13,24,1.918,,,
2020-02-14 11:21,433,13.13,24,1.901,,,
2020-02-14 11:21,434,13.13,24.02,1.918,,,
2020-02-14 11:21,435,13.14,23.99,1.934,,,
2020-02-14 11:21,436,13.13,23.95,1.918,,,
2020-02-14 11:21,437,13.14,23.99,1.901,,,
2020-02-14 11:21,438,13.14,24.05,1.901,,,
2020-02-14 11:21,439,13.13,24,1.951,,,
2020-02-14 11:21,440,13.13,23.97,2.002,,,
2020-02-14 11:21,441,13.13,23.99,2.053,,,
2020-02-14 11:21,442,13.14,24.02,2.121,,,
2020-02-14 11:21,443,13.13,24,2.121,,,
2020-02-14 11:21,444,13.13,23.92,2.172,,,
2020-02-14 11:21,445,13.13,23.99,2.189,,,
2020-02-14 11:21,446,13.13,23.99,2.257,,,
2020-02-14 11:21,447,13.13,24.04,2.291,,,
2020-02-14 11:21,448,13.13,23.99,2.393,,,
2020-02-14 11:21,449,13.13,24,2.427,,,
2020-02-14 11:21,450,13.13,23.99,2.562,,,
2020-02-14 11:21,451,13.13,24.02,2.63,,,
2020-02-14 11:21,452,13.14,24.02,2.647,,,
2020-02-14 11:21,453,13.13,24,2.698,,,
2020-02-14 11:21,454,13.13,23.93,2.715,,,
2020-02-14 11:21,455,13.13,23.97,2.8,,,
2020-02-14 11:21,456,13.12,24.04,2.834,,,
2020-02-14 11:21,457,13.13,24.04,2.834,,,
2020-02-14 11:21,458,13.13,24.02,2.885,,,
2020-02-14 11:21,459,13.12,23.99,2.902,,,
2020-02-14 11:21,460,13.13,24,2.919,,,
2020-02-14 11:21,461,13.13,24.05,2.936,,,
2020-02-14 11:21,462,13.13,24.02,2.885,,,
2020-02-14 11:21,463,13.13,23.99,2.919,,,
2020-02-14 11:21,464,13.13,23.92,2.885,,,
2020-02-14 11:21,465,13.13,23.88,2.817,,,
2020-02-14 11:21,466,13.12,23.95,2.8,,,
2020-02-14 11:21,467,13.13,23.97,2.698,,,
2020-02-14 11:21,468,13.13,24,2.613,,,
2020-02-14 11:21,469,13.13,23.97,2.528,,,
2020-02-14 11:21,470,13.13,24,2.359,,,
2020-02-14 11:21,471,13.13,24.04,2.308,,,
2020-02-14 11:21,472,13.13,24,2.206,,,
2020-02-14 11:21,473,13.12,23.99,2.155,,,
2020-02-14 11:22,474,13.12,23.99,2.189,,,
2020-02-14 11:22,475,13.12,24,2.308,,,
2020-02-14 11:22,476,13.13,24.05,2.376,,,
2020-02-14 11:22,477,13.12,23.98,2.562,,,
2020-02-14 11:22,478,13.13,24,2.715,,,
2020-02-14 11:22,479,13.13,24.07,3.02,,,
2020-02-14 11:22,480,13.13,24.04,3.19,,,
2020-02-14 11:22,481,13.12,24.09,3.462,,,
2020-02-14 11:22,482,13.12,24.07,3.631,,,
2020-02-14 11:22,483,13.12,24.07,3.682,,,
2020-02-14 11:22,484,13.13,24.15,3.835,,,
2020-02-14 11:22,485,13.12,24.12,3.852,,,
2020-02-14 11:22,486,13.12,24.12,3.92,,,
2020-02-14 11:22,487,13.12,24.15,3.903,,,
2020-02-14 11:22,488,13.13,24.17,3.886,,,
2020-02-14 11:22,489,13.12,24.12,3.886,,,
2020-02-14 11:22,490,13.13,24.1,3.886,,,
2020-02-14 11:22,491,13.13,24.21,3.835,,,
2020-02-14 11:22,492,13.12,24.19,3.818,,,
2020-02-14 11:22,493,13.12,24.14,3.716,,,
2020-02-14 11:22,494,13.12,24.21,3.716,,,
2020-02-14 11:22,495,13.12,24.17,3.614,,,
2020-02-14 11:22,496,13.13,24.15,3.614,,,
2020-02-14 11:22,497,13.12,24.26,3.563,,,
2020-02-14 11:22,498,13.13,24.22,3.462,,,
2020-02-14 11:22,499,13.13,24.21,3.394,,,
2020-02-14 11:22,500,13.12,24.17,3.36,,,
2020-02-14 11:22,501,13.13,24.19,3.309,,,
2020-02-14 11:22,502,13.12,24.26,3.224,,,
2020-02-14 11:22,503,13.12,24.22,3.207,,,
2020-02-14 11:22,504,13.13,24.19,3.122,,,
2020-02-14 11:22,505,13.12,24.19,3.105,,,
2020-02-14 11:22,506,13.13,24.21,3.02,,,
2020-02-14 11:22,507,13.12,24.22,2.987,,,
2020-02-14 11:22,508,13.13,24.21,2.919,,,
2020-02-14 11:22,509,13.13,24.22,2.902,,,
2020-02-14 11:22,510,13.13,24.21,2.817,,,
2020-02-14 11:22,511,13.12,24.21,2.766,,,
2020-02-14 11:22,512,13.12,24.22,2.783,,,
2020-02-14 11:22,513,13.12,24.21,2.664,,,
2020-02-14 11:22,514,13.12,24.19,2.664,,,
2020-02-14 11:22,515,13.12,24.24,2.613,,,
2020-02-14 11:22,516,13.12,24.21,2.579,,,
2020-02-14 11:22,517,13.12,24.32,2.545,,,
2020-02-14 11:22,518,13.12,24.17,2.494,,,
2020-02-14 11:22,519,13.12,24.19,2.461,,,
2020-02-14 11:22,520,13.12,24.26,2.444,,,
2020-02-14 11:22,521,13.12,24.17,2.376,,,
2020-02-14 11:22,522,13.12,24.19,2.359,,,
2020-02-14 11:22,523,13.13,24.24,2.325,,,
2020-02-14 11:22,524,13.12,24.26,2.257,,,
2020-02-14 11:22,525,13.12,24.22,2.257,,,
2020-02-14 11:22,526,13.12,24.19,2.223,,,
2020-02-14 11:22,527,13.12,24.15,2.206,,,
2020-02-14 11:22,528,13.13,24.21,2.172,,,
2020-02-14 11:22,529,13.12,24.22,2.121,,,
2020-02-14 11:22,530,13.12,24.26,2.104,,,
2020-02-14 11:22,531,13.12,24.19,2.104,,,
2020-02-14 11:22,532,13.12,24.17,2.036,,,
2020-02-14 11:22,533,13.12,24.22,2.019,,,
2020-02-14 11:23,534,13.13,24.22,1.985,,,
2020-02-14 11:23,535,13.12,24.24,1.951,,,
2020-02-14 11:23,536,13.12,24.19,1.968,,,
2020-02-14 11:23,537,13.12,24.12,1.918,,,
2020-02-14 11:23,538,13.12,24.22,1.934,,,
2020-02-14 11:23,539,13.12,24.26,1.867,,,
2020-02-14 11:23,540,13.13,24.22,1.85,,,
2020-02-14 11:23,541,13.12,24.17,1.833,,,
2020-02-14 11:23,542,13.12,24.15,1.799,,,
2020-02-14 11:23,543,13.13,24.26,1.816,,,
2020-02-14 11:23,544,13.12,24.22,1.765,,,
2020-02-14 11:23,545,13.12,24.22,1.697,,,
2020-02-14 11:23,546,13.12,24.19,1.731,,,
2020-02-14 11:23,547,13.12,24.14,1.714,,,
2020-02-14 11:23,548,13.12,24.24,1.663,,,
2020-02-14 11:23,549,13.12,24.24,1.697,,,
2020-02-14 11:23,550,13.12,24.19,1.646,,,
2020-02-14 11:23,551,13.12,24.19,1.663,,,
2020-02-14 11:23,552,13.12,24.17,1.629,,,
2020-02-14 11:23,553,13.12,24.24,1.595,,,
2020-02-14 11:23,554,13.11,24.24,1.612,,,
2020-02-14 11:23,555,13.12,24.19,1.561,,,
2020-02-14 11:23,556,13.11,24.19,1.595,,,
2020-02-14 11:23,557,13.11,24.19,1.561,,,
2020-02-14 11:23,558,13.12,24.24,1.544,,,
2020-02-14 11:23,559,13.11,24.26,1.51,,,
2020-02-14 11:23,560,13.12,24.17,1.493,,,
2020-02-14 11:23,561,13.12,24.21,1.51,,,
2020-02-14 11:23,562,13.12,24.16,1.459,,,
2020-02-14 11:23,563,13.11,24.16,1.459,,,
2020-02-14 11:23,564,13.11,24.21,1.459,,,
2020-02-14 11:23,565,13.11,24.17,1.442,,,
2020-02-14 11:23,566,13.12,24.17,1.425,,,
2020-02-14 11:23,567,13.12,24.19,1.425,,,
2020-02-14 11:23,568,13.12,24.17,1.408,,,
2020-02-14 11:23,569,13.12,24.16,1.408,,,
2020-02-14 11:23,570,13.11,24.1,1.374,,,
2020-02-14 11:23,571,13.12,24.12,1.358,,,
2020-02-14 11:23,572,13.12,24.19,1.374,,,
2020-02-14 11:23,573,13.11,24.22,1.341,,,
2020-02-14 11:23,574,13.12,24.17,1.341,,,
2020-02-14 11:23,575,13.12,24.1,1.307,,,
2020-02-14 11:23,576,13.12,24.14,1.307,,,
2020-02-14 11:23,577,13.11,24.21,1.324,,,
2020-02-14 11:23,578,13.12,24.17,1.307,,,
2020-02-14 11:23,579,13.12,24.14,1.29,,,
2020-02-14 11:23,580,13.11,24.1,1.273,,,
2020-02-14 11:23,581,13.12,24.07,1.273,,,
2020-02-14 11:23,582,13.12,24.19,1.29,,,
2020-02-14 11:23,583,13.12,24.16,1.239,,,
2020-02-14 11:23,584,13.11,24.09,1.239,,,
2020-02-14 11:23,585,13.12,24.05,1.222,,,
2020-02-14 11:23,586,13.1,24.14,1.222,,,
2020-02-14 11:23,587,13.12,24.07,1.222,,,
2020-02-14 11:23,588,13.12,24.04,1.222,,,
2020-02-14 11:23,589,13.1,24.07,1.188,,,
2020-02-14 11:23,590,13.13,24.09,1.154,,,
2020-02-14 11:23,591,13.13,24.09,1.171,,,
2020-02-14 11:23,592,13.12,24.05,1.205,,,
2020-02-14 11:23,593,13.11,24.19,1.171,,,
2020-02-14 11:24,594,13.11,24.16,1.154,,,
2020-02-14 11:24,595,13.13,24.16,1.171,,,
2020-02-14 11:24,596,13.12,24.05,1.154,,,
2020-02-14 11:24,597,13.12,24.04,1.171,,,
2020-02-14 11:24,598,13.12,24.05,1.137,,,
2020-02-14 11:24,599,13.12,24.07,1.12,,,
2020-02-14 11:24,600,13.12,24.16,1.154,,,
2020-02-14 11:24,601,13.12,24.07,1.137,,,
2020-02-14 11:24,602,13.12,24.02,1.103,,,
2020-02-14 11:24,603,13.11,24.07,1.086,,,
2020-02-14 11:24,604,13.12,24.09,1.086,,,
2020-02-14 11:24,605,13.12,24.12,1.12,,,
2020-02-14 11:24,606,13.12,24.07,1.086,,,
2020-02-14 11:24,607,13.11,24.05,1.086,,,
2020-02-14 11:24,608,13.11,24.07,1.103,,,
2020-02-14 11:24,609,13.12,24.09,1.069,,,
2020-02-14 11:24,610,13.11,24.17,1.086,,,
2020-02-14 11:24,611,13.12,24.09,1.086,,,
2020-02-14 11:24,612,13.12,24.04,1.052,,,
2020-02-14 11:24,613,13.14,24.05,1.052,,,
2020-02-14 11:24,614,13.14,24.1,1.035,,,
2020-02-14 11:24,615,13.13,24.12,1.052,,,
2020-02-14 11:24,616,13.13,24.05,1.035,,,
2020-02-14 11:24,617,13.11,24,1.035,,,
2020-02-14 11:24,618,13.1,24.05,1.035,,,
2020-02-14 11:24,619,13.12,24.09,1.018,,,
2020-02-14 11:24,620,13.11,24.1,1.035,,,
2020-02-14 11:24,621,13.12,24,1.018,,,
2020-02-14 11:24,622,13.12,23.99,1.018,,,
2020-02-14 11:24,623,13.11,23.99,1.035,,,
2020-02-14 11:24,624,13.11,24.12,1.018,,,
2020-02-14 11:24,625,13.11,24,0.984,,,
2020-02-14 11:24,626,13.11,24.05,1.001,,,
2020-02-14 11:24,627,13.11,24,0.984,,,
2020-02-14 11:24,628,13.11,24.04,0.984,,,
2020-02-14 11:24,629,13.11,24.02,1.001,,,
2020-02-14 11:24,630,13.1,24,0.984,,,
2020-02-14 11:24,631,13.11,24,1.001,,,
2020-02-14 11:24,632,13.11,24.07,0.984,,,
2020-02-14 11:24,633,13.11,24.07,0.984,,,
2020-02-14 11:24,634,13.11,24.14,0.933,,,
2020-02-14 11:24,635,13.12,24.09,0.95,,,
2020-02-14 11:24,636,13.11,23.99,1.001,,,
2020-02-14 11:24,637,13.1,24,0.967,,,
2020-02-14 11:24,638,13.1,24.02,0.95,,,
2020-02-14 11:24,639,13.1,24.04,0.933,,,
2020-02-14 11:24,640,13.1,23.99,0.95,,,
2020-02-14 11:24,641,13.1,24,0.95,,,
2020-02-14 11:24,642,13.1,24.02,0.95,,,
2020-02-14 11:24,643,13.11,24,0.916,,,
2020-02-14 11:24,644,13.12,24,0.933,,,
2020-02-14 11:24,645,13.1,23.99,0.933,,,
2020-02-14 11:24,646,13.1,23.99,0.916,,,
2020-02-14 11:24,647,13.1,24.04,0.916,,,
2020-02-14 11:24,648,13.11,24.02,0.933,,,
2020-02-14 11:24,649,13.1,23.99,0.95,,,
2020-02-14 11:24,650,13.11,24.04,0.916,,,
2020-02-14 11:24,651,13.1,24.05,0.882,,,
2020-02-14 11:24,652,13.1,24.04,0.899,,,
2020-02-14 11:24,653,13.1,24.02,0.916,,,
2020-02-14 11:25,654,13.1,23.99,0.899,,,
2020-02-14 11:25,655,13.1,24.04,0.916,,,
2020-02-14 11:25,656,13.1,24.02,0.899,,,
2020-02-14 11:25,657,13.1,24.04,0.933,,,
2020-02-14 11:25,658,13.11,24,0.899,,,
2020-02-14 11:25,659,13.11,23.97,0.899,,,
2020-02-14 11:25,660,13.1,24.04,0.865,,,
2020-02-14 11:25,661,13.11,24,0.865,,,
2020-02-14 11:25,662,13.1,24.02,0.916,,,
2020-02-14 11:25,663,13.1,23.99,0.882,,,
2020-02-14 11:25,664,13.11,24,0.865,,,
2020-02-14 11:25,665,13.1,24,0.882,,,
2020-02-14 11:25,666,13.1,24.02,0.865,,,
2020-02-14 11:25,667,13.1,24.04,0.899,,,
2020-02-14 11:25,668,13.11,23.97,0.865,,,
2020-02-14 11:25,669,13.1,23.99,0.865,,,
2020-02-14 11:25,670,13.1,23.92,0.882,,,
2020-02-14 11:25,671,13.1,23.99,0.882,,,
2020-02-14 11:25,672,13.1,24.02,0.865,,,
2020-02-14 11:25,673,13.1,23.9,0.865,,,
2020-02-14 11:25,674,13.1,23.92,0.848,,,
2020-02-14 11:25,675,13.11,24.04,0.882,,,
2020-02-14 11:25,676,13.1,24.04,0.831,,,
2020-02-14 11:25,677,13.1,23.99,0.831,,,
2020-02-14 11:25,678,13.1,23.92,0.882,,,
2020-02-14 11:25,679,13.1,24.05,0.865,,,
2020-02-14 11:25,680,13.1,24.04,0.848,,,
2020-02-14 11:25,681,13.11,23.97,0.848,,,
2020-02-14 11:25,682,13.11,23.95,0.831,,,
2020-02-14 11:25,683,13.11,23.92,0.848,,,
2020-02-14 11:25,684,13.11,23.93,0.865,,,
2020-02-14 11:25,685,13.1,23.97,0.848,,,
2020-02-14 11:25,686,13.1,23.97,0.848,,,
2020-02-14 11:25,687,13.1,23.99,0.815,,,
2020-02-14 11:25,688,13.1,23.93,0.848,,,
2020-02-14 11:25,689,13.1,23.93,0.831,,,
2020-02-14 11:25,690,13.11,23.99,0.865,,,
2020-02-14 11:25,691,13.1,23.97,0.831,,,
2020-02-14 11:25,692,13.1,23.92,0.815,,,
2020-02-14 11:25,693,13.1,23.99,0.848,,,
2020-02-14 11:25,694,13.1,23.93,0.815,,,
2020-02-14 11:25,695,13.1,23.95,0.848,,,
2020-02-14 11:25,696,13.09,23.97,0.815,,,
2020-02-14 11:25,697,13.1,23.95,0.815,,,
2020-02-14 11:25,698,13.1,23.93,0.831,,,
2020-02-14 11:25,699,13.11,23.93,0.848,,,
2020-02-14 11:25,700,13.1,23.93,0.815,,,
2020-02-14 11:25,701,13.1,23.95,0.815,,,
2020-02-14 11:25,702,13.1,23.95,0.865,,,
2020-02-14 11:25,703,13.1,23.95,0.882,,,
2020-02-14 11:25,704,13.1,23.92,0.815,,,
2020-02-14 11:25,705,13.1,23.93,0.781,,,
2020-02-14 11:25,706,13.09,23.99,0.815,,,
2020-02-14 11:25,707,13.1,23.92,0.764,,,
2020-02-14 11:25,708,13.1,23.93,0.798,,,
2020-02-14 11:25,709,13.1,23.9,0.815,,,
2020-02-14 11:25,710,13.1,23.93,0.781,,,
2020-02-14 11:25,711,13.1,23.93,0.781,,,
2020-02-14 11:25,712,13.1,23.93,0.798,,,
2020-02-14 11:25,713,13.09,23.93,0.815,,,
2020-02-14 11:26,714,13.1,23.9,0.848,,,
2020-02-14 11:26,715,13.1,23.92,0.781,,,
2020-02-14 11:26,716,13.1,23.97,0.865,,,
2020-02-14 11:26,717,13.1,23.99,0.848,,,
2020-02-14 11:26,718,13.1,23.92,0.848,,,
2020-02-14 11:26,719,13.1,23.93,0.831,,,
2020-02-14 11:26,720,13.1,23.93,0.848,,,
2020-02-14 11:26,721,13.1,24,0.848,,,
2020-02-14 11:26,722,13.1,23.95,0.848,,,
2020-02-14 11:26,723,13.1,23.93,0.865,,,
2020-02-14 11:26,724,13.1,23.9,0.882,,,
2020-02-14 11:26,725,13.1,23.93,0.865,,,
2020-02-14 11:26,726,13.09,23.95,0.848,,,
2020-02-14 11:26,727,13.1,23.99,0.831,,,
2020-02-14 11:26,728,13.1,23.93,0.848,,,
2020-02-14 11:26,729,13.1,23.88,0.882,,,
2020-02-14 11:26,730,13.1,23.95,0.848,,,
2020-02-14 11:26,731,13.1,23.95,0.815,,,
2020-02-14 11:26,732,13.09,23.97,0.865,,,
2020-02-14 11:26,733,13.09,23.87,0.865,,,
2020-02-14 11:26,734,13.1,23.87,0.848,,,
2020-02-14 11:26,735,13.09,23.88,0.848,,,
2020-02-14 11:26,736,13.1,23.88,0.865,,,
2020-02-14 11:26,737,13.1,23.88,0.831,,,
2020-02-14 11:26,738,13.09,23.88,0.815,,,
2020-02-14 11:26,739,13.1,23.88,0.848,,,
2020-02-14 11:26,740,13.1,23.85,0.831,,,
2020-02-14 11:26,741,13.1,23.88,0.831,,,
2020-02-14 11:26,742,13.1,23.95,0.831,,,
2020-02-14 11:26,743,13.1,23.95,0.798,,,
2020-02-14 11:26,744,13.1,23.88,0.831,,,
2020-02-14 11:26,745,13.09,23.87,0.815,,,
2020-02-14 11:26,746,13.1,23.87,0.831,,,
2020-02-14 11:26,747,13.09,23.88,0.831,,,
2020-02-14 11:26,748,13.09,23.88,0.831,,,
2020-02-14 11:26,749,13.1,23.85,0.831,,,
2020-02-14 11:26,750,13.09,23.9,0.831,,,
2020-02-14 11:26,751,13.09,23.93,0.848,,,
2020-02-14 11:26,752,13.1,23.87,0.815,,,
2020-02-14 11:26,753,13.09,23.9,0.831,,,
2020-02-14 11:26,754,13.09,23.87,0.831,,,
2020-02-14 11:26,755,13.09,23.9,0.831,,,
2020-02-14 11:26,756,13.1,23.87,0.815,,,
2020-02-14 11:26,757,13.1,23.87,0.831,,,
2020-02-14 11:26,758,13.1,23.88,0.831,,,
2020-02-14 11:26,759,13.09,23.87,0.815,,,
2020-02-14 11:26,760,13.09,23.9,0.848,,,
2020-02-14 11:26,761,13.09,23.87,0.798,,,
2020-02-14 11:26,762,13.09,23.87,0.848,,,
2020-02-14 11:26,763,13.09,23.85,0.831,,,
2020-02-14 11:26,764,13.09,23.87,0.764,,,
2020-02-14 11:26,765,13.1,23.9,0.815,,,
2020-02-14 11:26,766,13.1,23.87,0.815,,,
2020-02-14 11:26,767,13.1,23.88,0.781,,,
2020-02-14 11:26,768,13.09,23.87,0.815,,,
2020-02-14 11:26,769,13.09,23.88,0.798,,,
2020-02-14 11:26,770,13.1,23.88,0.798,,,
2020-02-14 11:26,771,13.09,23.88,0.831,,,
2020-02-14 11:26,772,13.09,23.87,0.798,,,
2020-02-14 11:26,773,13.09,23.87,0.781,,,
2020-02-14 11:27,774,13.09,23.87,0.764,,,
2020-02-14 11:27,775,13.09,23.85,0.815,,,
2020-02-14 11:27,776,13.09,23.88,0.798,,,
2020-02-14 11:27,777,13.1,23.87,0.781,,,
2020-02-14 11:27,778,13.09,23.92,0.815,,,
2020-02-14 11:27,779,13.09,23.85,0.764,,,
2020-02-14 11:27,780,13.09,23.87,0.798,,,
2020-02-14 11:27,781,13.09,23.88,0.798,,,
2020-02-14 11:27,782,13.09,23.87,0.798,,,
2020-02-14 11:27,783,13.09,23.88,0.781,,,
2020-02-14 11:27,784,13.1,23.87,0.798,,,
2020-02-14 11:27,785,13.09,23.88,0.815,,,
2020-02-14 11:27,786,13.1,23.92,0.831,,,
2020-02-14 11:27,787,13.09,23.88,0.798,,,
2020-02-14 11:27,788,13.09,23.85,0.798,,,
2020-02-14 11:27,789,13.09,23.88,0.798,,,
2020-02-14 11:27,790,13.08,23.87,0.798,,,
2020-02-14 11:27,791,13.09,23.92,0.815,,,
2020-02-14 11:27,792,13.09,23.85,0.798,,,
2020-02-14 11:27,793,13.09,23.88,0.764,,,
2020-02-14 11:27,794,13.09,23.87,0.781,,,
2020-02-14 11:27,795,13.09,23.9,0.764,,,
2020-02-14 11:27,796,13.09,23.87,0.764,,,
2020-02-14 11:27,797,13.09,23.87,0.764,,,
2020-02-14 11:27,798,13.09,23.87,0.781,,,
2020-02-14 11:27,799,13.09,23.83,0.781,,,
2020-02-14 11:27,800,13.09,23.8,0.747,,,
2020-02-14 11:27,801,13.09,23.88,0.781,,,
2020-02-14 11:27,802,13.09,23.85,0.764,,,
2020-02-14 11:27,803,13.1,23.88,0.781,,,
2020-02-14 11:27,804,13.09,23.87,0.781,,,
2020-02-14 11:27,805,13.08,23.78,0.764,,,
2020-02-14 11:27,806,13.09,23.87,0.747,,,
2020-02-14 11:27,807,13.08,23.9,0.781,,,
2020-02-14 11:27,808,13.09,23.87,0.798,,,
2020-02-14 11:27,809,13.09,23.83,0.781,,,
2020-02-14 11:27,810,13.09,23.8,0.781,,,
2020-02-14 11:27,811,13.09,23.9,0.764,,,
2020-02-14 11:27,812,13.1,23.75,0.798,,,
2020-02-14 11:27,813,13.09,23.82,0.781,,,
2020-02-14 11:27,814,13.09,23.87,0.764,,,
2020-02-14 11:27,815,13.09,23.8,0.747,,,
2020-02-14 11:27,816,13.09,23.78,0.781,,,
2020-02-14 11:27,817,13.09,23.78,0.798,,,
2020-02-14 11:27,818,13.09,23.83,0.781,,,
2020-02-14 11:27,819,13.08,23.87,0.798,,,
2020-02-14 11:27,820,13.09,23.83,0.764,,,
2020-02-14 11:27,821,13.09,23.77,0.747,,,
2020-02-14 11:27,822,13.09,23.8,0.747,,,
2020-02-14 11:27,823,13.09,23.83,0.781,,,
2020-02-14 11:27,824,13.09,23.82,0.73,,,
2020-02-14 11:27,825,13.1,23.82,0.73,,,
2020-02-14 11:27,826,13.08,23.78,0.747,,,
2020-02-14 11:27,827,13.08,23.88,0.764,,,
2020-02-14 11:27,828,13.09,23.87,0.764,,,
2020-02-14 11:27,829,13.09,23.88,0.73,,,
2020-02-14 11:27,830,13.09,23.82,0.747,,,
2020-02-14 11:27,831,13.09,23.78,0.73,,,
2020-02-14 11:27,832,13.08,23.8,0.764,,,
2020-02-14 11:27,833,13.09,23.82,0.764,,,
2020-02-14 11:28,834,13.09,23.78,0.764,,,
2020-02-14 11:28,835,13.09,23.87,0.747,,,
2020-02-14 11:28,836,13.09,23.78,0.73,,,
2020-02-14 11:28,837,13.09,23.78,0.747,,,
2020-02-14 11:28,838,13.09,23.78,0.781,,,
2020-02-14 11:28,839,13.09,23.8,0.764,,,
2020-02-14 11:28,840,13.09,23.83,0.764,,,
2020-02-14 11:28,841,13.09,23.8,0.713,,,
2020-02-14 11:28,842,13.08,23.8,0.747,,,
2020-02-14 11:28,843,13.08,23.78,0.764,,,
2020-02-14 11:28,844,13.09,23.7,0.713,,,
2020-02-14 11:28,845,13.09,23.85,0.73,,,
2020-02-14 11:28,846,13.09,23.78,0.73,,,
2020-02-14 11:28,847,13.08,23.82,0.764,,,
2020-02-14 11:28,848,13.09,23.77,0.764,,,
2020-02-14 11:28,849,13.08,23.71,0.73,,,
2020-02-14 11:28,850,13.09,23.87,0.73,,,
2020-02-14 11:28,851,13.09,23.78,0.73,,,
2020-02-14 11:28,852,13.08,23.82,0.764,,,
2020-02-14 11:28,853,13.09,23.77,0.781,,,
2020-02-14 11:28,854,13.08,23.73,0.73,,,
2020-02-14 11:28,855,13.08,23.75,0.747,,,
2020-02-14 11:28,856,13.08,23.8,0.747,,,
2020-02-14 11:28,857,13.08,23.82,0.764,,,
2020-02-14 11:28,858,13.09,23.73,0.764,,,
2020-02-14 11:28,859,13.08,23.73,0.73,,,
2020-02-14 11:28,860,13.08,23.75,0.73,,,
2020-02-14 11:28,861,13.08,23.77,0.713,,,
2020-02-14 11:28,862,13.08,23.71,0.747,,,
2020-02-14 11:28,863,13.08,23.78,0.73,,,
2020-02-14 11:28,864,13.08,23.82,0.696,,,
2020-02-14 11:28,865,13.08,23.75,0.73,,,
2020-02-14 11:28,866,13.08,23.83,0.73,,,
2020-02-14 11:28,867,13.09,23.77,0.73,,,
2020-02-14 11:28,868,13.08,23.7,0.696,,,
2020-02-14 11:28,869,13.08,23.75,0.713,,,
2020-02-14 11:28,870,13.08,23.82,0.696,,,
2020-02-14 11:28,871,13.08,23.77,0.747,,,
2020-02-14 11:28,872,13.09,23.7,0.73,,,
2020-02-14 11:28,873,13.09,23.75,0.696,,,
2020-02-14 11:28,874,13.08,23.82,0.696,,,
2020-02-14 11:28,875,13.09,23.77,0.713,,,
2020-02-14 11:28,876,13.09,23.75,0.747,,,
2020-02-14 11:28,877,13.09,23.78,0.696,,,
2020-02-14 11:28,878,13.08,23.75,0.696,,,
2020-02-14 11:28,879,13.09,23.71,0.696,,,
2020-02-14 11:28,880,13.09,23.8,0.713,,,
2020-02-14 11:28,881,13.08,23.75,0.73,,,
2020-02-14 11:28,882,13.08,23.71,0.713,,,
2020-02-14 11:28,883,13.08,23.75,0.713,,,
2020-02-14 11:28,884,13.08,23.77,0.73,,,
2020-02-14 11:28,885,13.09,23.8,0.713,,,
2020-02-14 11:28,886,13.08,23.73,0.713,,,
2020-02-14 11:28,887,13.08,23.71,0.73,,,
2020-02-14 11:28,888,13.08,23.77,0.73,,,
2020-02-14 11:28,889,13.09,23.77,0.747,,,
2020-02-14 11:28,890,13.08,23.8,0.713,,,
2020-02-14 11:28,891,13.08,23.7,0.713,,,
2020-02-14 11:28,892,13.08,23.75,0.713,,,
2020-02-14 11:28,893,13.08,23.75,0.713,,,
2020-02-14 11:29,894,13.08,23.78,0.73,,,
2020-02-14 11:29,895,13.08,23.7,0.73,,,
2020-02-14 11:29,896,13.08,23.71,0.696,,,
2020-02-14 11:29,897,13.08,23.77,0.73,,,
2020-02-14 11:29,898,13.09,23.78,0.696,,,
2020-02-14 11:29,899,13.08,23.75,0.713,,,
2020-02-14 11:29,900,13.08,23.71,0.713,,,
2020-02-14 11:29,901,13.08,23.75,0.73,,,
2020-02-14 11:29,902,13.07,23.77,0.713,,,
2020-02-14 11:29,903,13.08,23.77,0.747,,,
2020-02-14 11:29,904,13.08,23.75,0.713,,,
2020-02-14 11:29,905,13.08,23.75,0.713,,,
2020-02-14 11:29,906,13.09,23.73,0.73,,,
2020-02-14 11:29,907,13.08,23.77,0.747,,,
2020-02-14 11:29,908,13.08,23.73,0.713,,,
2020-02-14 11:29,909,13.08,23.73,0.73,,,
2020-02-14 11:29,910,13.08,23.83,0.696,,,
2020-02-14 11:29,911,13.1,23.88,1.391,,,
2020-02-14 11:29,912,13.11,23.88,2.206,,,
2020-02-14 11:29,913,13.08,23.88,4.073,,,
2020-02-14 11:29,914,13.08,23.87,5.125,,,
2020-02-14 11:29,915,13.07,23.92,7.483,,,
2020-02-14 11:29,916,13.08,23.87,8.6,,,
2020-02-14 11:29,917,13.08,23.88,10.93,,,
2020-02-14 11:29,918,13.08,23.88,12.15,,,
2020-02-14 11:29,919,13.08,23.87,14.34,,,
2020-02-14 11:29,920,13.08,23.95,15.29,,,
2020-02-14 11:29,921,13.08,23.92,17.56,,,
2020-02-14 11:29,922,13.08,23.87,19.62,,,
2020-02-14 11:29,923,13.08,23.85,20.57,,,
2020-02-14 11:29,924,13.08,23.9,22.03,,,
2020-02-14 11:29,925,13.08,23.95,22.64,,,
2020-02-14 11:29,926,13.08,23.87,23.74,,,
2020-02-14 11:29,927,13.08,23.87,24.33,,,
2020-02-14 11:29,928,13.08,23.87,25.56,,,
2020-02-14 11:29,929,13.07,23.87,26.17,,,
2020-02-14 11:29,930,13.07,23.87,27.32,,,
2020-02-14 11:29,931,13.08,23.85,27.97,,,
2020-02-14 11:29,932,13.07,23.83,28.37,,,
2020-02-14 11:29,933,13.09,23.87,28.9,,,
2020-02-14 11:29,934,13.1,23.87,29.1,,,
2020-02-14 11:29,935,13.08,23.83,29.37,,,
2020-02-14 11:29,936,13.08,23.85,29.49,,,
2020-02-14 11:29,937,13.08,23.83,29.73,,,
2020-02-14 11:29,938,13.08,23.9,29.82,,,
2020-02-14 11:29,939,13.08,23.83,30,,,
2020-02-14 11:29,940,13.08,23.85,30,,,
2020-02-14 11:29,941,13.07,23.85,30.1,,,
2020-02-14 11:29,942,13.07,23.87,30.17,,,
2020-02-14 11:29,943,13.08,23.85,30.21,,,
2020-02-14 11:29,944,13.07,23.87,30.22,,,
2020-02-14 11:29,945,13.08,23.83,30.26,,,
2020-02-14 11:29,946,13.07,23.87,30.31,,,
2020-02-14 11:29,947,13.07,23.85,30.27,,,
2020-02-14 11:29,948,13.08,23.8,30.32,,,
2020-02-14 11:29,949,13.08,23.77,30.31,,,
2020-02-14 11:29,950,13.08,23.75,30.32,,,
2020-02-14 11:29,951,13.07,23.82,30.36,,,
2020-02-14 11:29,952,13.08,23.82,30.36,,,
2020-02-14 11:29,953,13.07,23.78,30.34,,,
2020-02-14 11:30,954,13.08,23.77,30.36,,,
2020-02-14 11:30,955,13.07,23.75,30.39,,,
2020-02-14 11:30,956,13.08,23.83,30.44,,,
2020-02-14 11:30,957,13.07,23.83,30.41,,,
2020-02-14 11:30,958,13.07,23.77,30.44,,,
2020-02-14 11:30,959,13.07,23.73,30.46,,,
2020-02-14 11:30,960,13.07,23.77,30.44,,,
2020-02-14 11:30,961,13.07,23.78,30.49,,,
2020-02-14 11:30,962,13.08,23.82,30.48,,,
2020-02-14 11:30,963,13.07,23.7,30.51,,,
2020-02-14 11:30,964,13.08,23.73,30.56,,,
2020-02-14 11:30,965,13.07,23.75,30.61,,,
2020-02-14 11:30,966,13.07,23.71,30.65,,,
2020-02-14 11:30,967,13.07,23.7,30.66,,,
2020-02-14 11:30,968,13.07,23.7,30.7,,,
2020-02-14 11:30,969,13.07,23.75,30.77,,,
2020-02-14 11:30,970,13.07,23.75,30.85,,,
2020-02-14 11:30,971,13.08,23.71,30.9,,,
2020-02-14 11:30,972,13.07,23.7,30.97,,,
2020-02-14 11:30,973,13.07,23.73,31,,,
2020-02-14 11:30,974,13.07,23.77,31.09,,,
2020-02-14 11:30,975,13.08,23.7,31.12,,,
2020-02-14 11:30,976,13.07,23.68,31.16,,,
2020-02-14 11:30,977,13.07,23.75,31.24,,,
2020-02-14 11:30,978,13.07,23.71,31.29,,,
2020-02-14 11:30,979,13.08,23.75,31.36,,,
2020-02-14 11:30,980,13.07,23.68,31.36,,,
2020-02-14 11:30,981,13.07,23.6,31.44,,,
2020-02-14 11:30,982,13.07,23.71,31.56,,,
2020-02-14 11:30,983,13.07,23.75,31.56,,,
2020-02-14 11:30,984,13.07,23.71,31.61,,,
2020-02-14 11:30,985,13.07,23.73,31.66,,,
2020-02-14 11:30,986,13.07,23.6,31.68,,,
2020-02-14 11:30,987,13.07,23.71,31.72,,,
2020-02-14 11:30,988,13.08,23.73,31.75,,,
2020-02-14 11:30,989,13.07,23.63,31.73,,,
2020-02-14 11:30,990,13.07,23.68,31.78,,,
2020-02-14 11:30,991,13.07,23.73,31.75,,,
2020-02-14 11:30,992,13.07,23.7,31.77,,,
2020-02-14 11:30,993,13.07,23.68,31.75,,,
2020-02-14 11:30,994,13.07,23.65,31.77,,,
2020-02-14 11:30,995,13.08,23.63,31.8,,,
2020-02-14 11:30,996,13.08,23.65,31.77,,,
2020-02-14 11:30,997,13.07,23.68,31.77,,,
2020-02-14 11:30,998,13.07,23.65,31.75,,,
2020-02-14 11:30,999,13.07,23.68,31.78,,,
2020-02-14 11:30,1000,13.07,23.65,31.78,,,
2020-02-14 11:30,1001,13.07,23.65,31.78,,,
2020-02-14 11:30,1002,13.07,23.61,31.77,,,
2020-02-14 11:30,1003,13.07,23.65,31.72,,,
2020-02-14 11:30,1004,13.07,23.66,31.7,,,
2020-02-14 11:30,1005,13.07,23.71,31.75,,,
2020-02-14 11:30,1006,13.07,23.63,31.72,,,
2020-02-14 11:30,1007,13.07,23.61,31.68,,,
2020-02-14 11:30,1008,13.07,23.65,31.66,,,
2020-02-14 11:30,1009,13.07,23.68,31.65,,,
2020-02-14 11:30,1010,13.07,23.7,31.66,,,
2020-02-14 11:30,1011,13.07,23.61,31.65,,,
2020-02-14 11:30,1012,13.07,23.56,31.66,,,
2020-02-14 11:30,1013,13.07,23.71,31.66,,,
2020-02-14 11:31,1014,13.07,23.71,31.65,,,
2020-02-14 11:31,1015,13.07,23.65,31.66,,,
2020-02-14 11:31,1016,13.07,23.61,31.68,,,
2020-02-14 11:31,1017,13.07,23.65,31.7,,,
2020-02-14 11:31,1018,13.07,23.63,31.75,,,
2020-02-14 11:31,1019,13.07,23.58,31.73,,,
2020-02-14 11:31,1020,13.07,23.54,31.73,,,
2020-02-14 11:31,1021,13.07,23.6,31.72,,,
2020-02-14 11:31,1022,13.07,23.61,31.75,,,
2020-02-14 11:31,1023,13.07,23.65,31.78,,,
2020-02-14 11:31,1024,13.07,23.68,31.72,,,
2020-02-14 11:31,1025,13.07,23.65,31.72,,,
2020-02-14 11:31,1026,13.07,23.66,31.73,,,
2020-02-14 11:31,1027,13.08,23.66,31.72,,,
2020-02-14 11:31,1028,13.07,23.6,31.72,,,
2020-02-14 11:31,1029,13.07,23.54,31.66,,,
2020-02-14 11:31,1030,13.07,23.58,31.68,,,
2020-02-14 11:31,1031,13.07,23.6,31.7,,,
2020-02-14 11:31,1032,13.06,23.6,31.68,,,
2020-02-14 11:31,1033,13.07,23.56,31.7,,,
2020-02-14 11:31,1034,13.07,23.56,31.66,,,
2020-02-14 11:31,1035,13.07,23.6,31.66,,,
2020-02-14 11:31,1036,13.06,23.63,31.73,,,
2020-02-14 11:31,1037,13.06,23.54,31.77,,,
2020-02-14 11:31,1038,13.06,23.56,31.73,,,
2020-02-14 11:31,1039,13.07,23.58,31.75,,,
2020-02-14 11:31,1040,13.07,23.63,31.78,,,
2020-02-14 11:31,1041,13.06,23.65,31.77,,,
2020-02-14 11:31,1042,13.07,23.51,31.82,,,
2020-02-14 11:31,1043,13.07,23.54,31.82,,,
2020-02-14 11:31,1044,13.07,23.61,31.8,,,
2020-02-14 11:31,1045,13.07,23.56,31.82,,,
2020-02-14 11:31,1046,13.07,23.56,31.82,,,
2020-02-14 11:31,1047,13.07,23.56,31.83,,,
2020-02-14 11:31,1048,13.07,23.58,31.87,,,
2020-02-14 11:31,1049,13.06,23.63,31.85,,,
2020-02-14 11:31,1050,13.07,23.61,31.8,,,
2020-02-14 11:31,1051,13.07,23.53,31.83,,,
2020-02-14 11:31,1052,13.06,23.56,31.82,,,
2020-02-14 11:31,1053,13.06,23.6,31.87,,,
2020-02-14 11:31,1054,13.06,23.6,31.87,,,
2020-02-14 11:31,1055,13.06,23.53,31.83,,,
2020-02-14 11:31,1056,13.06,23.54,31.83,,,
2020-02-14 11:31,1057,13.07,23.6,31.9,,,
2020-02-14 11:31,1058,13.06,23.61,31.85,,,
2020-02-14 11:31,1059,13.06,23.61,31.89,,,
2020-02-14 11:31,1060,13.07,23.6,31.89,,,
2020-02-14 11:31,1061,13.06,23.54,31.9,,,
2020-02-14 11:31,1062,13.06,23.63,31.94,,,
2020-02-14 11:31,1063,13.06,23.63,31.89,,,
2020-02-14 11:31,1064,13.06,23.56,31.87,,,
2020-02-14 11:31,1065,13.06,23.53,31.87,,,
2020-02-14 11:31,1066,13.06,23.58,31.9,,,
2020-02-14 11:31,1067,13.06,23.46,31.89,,,
2020-02-14 11:31,1068,13.07,23.6,31.89,,,
2020-02-14 11:31,1069,13.06,23.53,31.89,,,
2020-02-14 11:31,1070,13.06,23.56,31.87,,,
2020-02-14 11:31,1071,13.06,23.63,31.83,,,
2020-02-14 11:31,1072,13.07,23.48,31.87,,,
2020-02-14 11:31,1073,13.07,23.49,31.82,,,
2020-02-14 11:32,1074,13.07,23.51,31.82,,,
2020-02-14 11:32,1075,13.06,23.58,31.85,,,
2020-02-14 11:32,1076,13.06,23.49,31.78,,,
2020-02-14 11:32,1077,13.07,23.49,31.77,,,
2020-02-14 11:32,1078,13.06,23.51,31.78,,,
2020-02-14 11:32,1079,13.06,23.51,31.78,,,
2020-02-14 11:32,1080,13.06,23.54,31.78,,,
2020-02-14 11:32,1081,13.06,23.51,31.78,,,
2020-02-14 11:32,1082,13.07,23.53,31.75,,,
2020-02-14 11:32,1083,13.06,23.51,31.73,,,
2020-02-14 11:32,1084,13.06,23.49,31.75,,,
2020-02-14 11:32,1085,13.06,23.51,31.75,,,
2020-02-14 11:32,1086,13.06,23.54,31.72,,,
2020-02-14 11:32,1087,13.06,23.54,31.7,,,
2020-02-14 11:32,1088,13.06,23.44,31.66,,,
2020-02-14 11:32,1089,13.06,23.41,31.68,,,
2020-02-14 11:32,1090,13.06,23.51,31.7,,,
2020-02-14 11:32,1091,13.06,23.54,31.72,,,
2020-02-14 11:32,1092,13.06,23.56,31.7,,,
2020-02-14 11:32,1093,13.06,23.54,31.75,,,
2020-02-14 11:32,1094,13.06,23.44,31.77,,,
2020-02-14 11:32,1095,13.06,23.44,31.82,,,
2020-02-14 11:32,1096,13.06,23.54,31.9,,,
2020-02-14 11:32,1097,13.06,23.54,32.04,,,
2020-02-14 11:32,1098,13.07,23.49,32.05,,,
2020-02-14 11:32,1099,13.06,23.46,32.09,,,
2020-02-14 11:32,1100,13.06,23.51,32.05,,,
2020-02-14 11:32,1101,13.06,23.54,32.07,,,
2020-02-14 11:32,1102,13.06,23.56,32.05,,,
2020-02-14 11:32,1103,13.06,23.44,32.05,,,
2020-02-14 11:32,1104,13.06,23.44,31.99,,,
2020-02-14 11:32,1105,13.06,23.54,31.97,,,
2020-02-14 11:32,1106,13.06,23.54,31.94,,,
2020-02-14 11:32,1107,13.06,23.53,31.94,,,
2020-02-14 11:32,1108,13.06,23.48,31.9,,,
2020-02-14 11:32,1109,13.06,23.49,31.89,,,
2020-02-14 11:32,1110,13.06,23.53,31.82,,,
2020-02-14 11:32,1111,13.06,23.58,31.82,,,
2020-02-14 11:32,1112,13.06,23.48,31.75,,,
2020-02-14 11:32,1113,13.06,23.44,31.75,,,
2020-02-14 11:32,1114,13.06,23.43,31.72,,,
2020-02-14 11:32,1115,13.06,23.46,31.68,,,
2020-02-14 11:32,1116,13.06,23.53,31.66,,,
2020-02-14 11:32,1117,13.06,23.51,31.6,,,
2020-02-14 11:32,1118,13.06,23.48,31.61,,,
2020-02-14 11:32,1119,13.07,23.43,31.6,,,
2020-02-14 11:32,1120,13.06,23.48,31.58,,,
2020-02-14 11:32,1121,13.07,23.43,31.56,,,
2020-02-14 11:32,1122,13.06,23.51,31.55,,,
2020-02-14 11:32,1123,13.05,23.46,31.6,,,
2020-02-14 11:32,1124,13.06,23.49,31.65,,,
2020-02-14 11:32,1125,13.06,23.41,31.65,,,
2020-02-14 11:32,1126,13.06,23.43,31.7,,,
2020-02-14 11:32,1127,13.05,23.46,31.75,,,
2020-02-14 11:32,1128,13.06,23.44,31.78,,,
2020-02-14 11:32,1129,13.05,23.48,31.83,,,
2020-02-14 11:32,1130,13.06,23.41,31.83,,,
2020-02-14 11:32,1131,13.06,23.44,31.87,,,
2020-02-14 11:32,1132,13.06,23.39,31.9,,,
2020-02-14 11:32,1133,13.06,23.48,31.94,,,
2020-02-14 11:33,1134,13.07,23.48,32.02,,,
2020-02-14 11:33,1135,13.05,23.43,32,,,
2020-02-14 11:33,1136,13.06,23.44,32.05,,,
2020-02-14 11:33,1137,13.06,23.48,32.02,,,
2020-02-14 11:33,1138,13.06,23.46,32.05,,,
2020-02-14 11:33,1139,13.06,23.46,32.05,,,
2020-02-14 11:33,1140,13.06,23.48,32.04,,,
2020-02-14 11:33,1141,13.05,23.46,32.04,,,
2020-02-14 11:33,1142,13.06,23.46,32.04,,,
2020-02-14 11:33,1143,13.06,23.46,32.02,,,
2020-02-14 11:33,1144,13.06,23.43,31.97,,,
2020-02-14 11:33,1145,13.06,23.43,31.97,,,
2020-02-14 11:33,1146,13.06,23.48,31.92,,,
2020-02-14 11:33,1147,13.06,23.46,31.95,,,
2020-02-14 11:33,1148,13.06,23.44,31.89,,,
2020-02-14 11:33,1149,13.06,23.41,31.89,,,
2020-02-14 11:33,1150,13.05,23.44,31.85,,,
2020-02-14 11:33,1151,13.06,23.48,31.87,,,
2020-02-14 11:33,1152,13.05,23.44,31.83,,,
2020-02-14 11:33,1153,13.05,23.46,31.83,,,
2020-02-14 11:33,1154,13.06,23.46,31.82,,,
2020-02-14 11:33,1155,13.06,23.49,31.82,,,
2020-02-14 11:33,1156,13.05,23.44,31.8,,,
2020-02-14 11:33,1157,13.06,23.43,31.82,,,
2020-02-14 11:33,1158,13.06,23.46,31.77,,,
2020-02-14 11:33,1159,13.06,23.46,31.8,,,
2020-02-14 11:33,1160,13.06,23.49,31.83,,,
2020-02-14 11:33,1161,13.05,23.43,31.8,,,
2020-02-14 11:33,1162,13.06,23.44,31.77,,,
2020-02-14 11:33,1163,13.06,23.41,31.75,,,
2020-02-14 11:33,1164,13.05,23.46,31.8,,,
2020-02-14 11:33,1165,13.06,23.46,31.73,,,
2020-02-14 11:33,1166,13.05,23.43,31.72,,,
2020-02-14 11:33,1167,13.05,23.46,31.75,,,
2020-02-14 11:33,1168,13.05,23.44,31.73,,,
2020-02-14 11:33,1169,13.05,23.46,31.7,,,
2020-02-14 11:33,1170,13.05,23.49,31.72,,,
2020-02-14 11:33,1171,13.05,23.43,31.73,,,
2020-02-14 11:33,1172,13.06,23.46,31.72,,,
2020-02-14 11:33,1173,13.05,23.49,31.73,,,
2020-02-14 11:33,1174,13.06,23.43,31.75,,,
2020-02-14 11:33,1175,13.05,23.44,31.75,,,
2020-02-14 11:33,1176,13.05,23.46,31.73,,,
2020-02-14 11:33,1177,13.06,23.46,31.75,,,
2020-02-14 11:33,1178,13.06,23.51,31.73,,,
2020-02-14 11:33,1179,13.05,23.41,31.77,,,
2020-02-14 11:33,1180,13.04,23.49,31.73,,,
2020-02-14 11:33,1181,13.05,23.38,31.75,,,
2020-02-14 11:33,1182,13.06,23.38,31.78,,,
2020-02-14 11:33,1183,13.05,23.39,31.78,,,
2020-02-14 11:33,1184,13.06,23.43,31.78,,,
2020-02-14 11:33,1185,13.05,23.34,31.77,,,
2020-02-14 11:33,1186,13.04,23.39,31.8,,,
2020-02-14 11:33,1187,13.05,23.38,31.75,,,
2020-02-14 11:33,1188,13.06,23.41,31.8,,,
2020-02-14 11:33,1189,13.05,23.41,31.75,,,
2020-02-14 11:33,1190,13.06,23.38,31.75,,,
2020-02-14 11:33,1191,13.06,23.43,31.75,,,
2020-02-14 11:33,1192,13.06,23.36,31.75,,,
2020-02-14 11:33,1193,13.05,23.39,31.78,,,
2020-02-14 11:34,1194,13.06,23.36,31.72,,,
2020-02-14 11:34,1195,13.04,23.43,31.73,,,
2020-02-14 11:34,1196,13.06,23.36,31.73,,,
2020-02-14 11:34,1197,13.05,23.34,31.75,,,
2020-02-14 11:34,1198,13.05,23.39,31.75,,,
2020-02-14 11:34,1199,13.06,23.39,31.72,,,
2020-02-14 11:34,1200,13.05,23.41,31.72,,,
2020-02-14 11:34,1201,13.05,23.41,31.75,,,
2020-02-14 11:34,1202,13.06,23.34,31.78,,,
2020-02-14 11:34,1203,13.05,23.46,31.75,,,
2020-02-14 11:34,1204,13.05,23.44,31.72,,,
2020-02-14 11:34,1205,13.05,23.36,31.78,,,
2020-02-14 11:34,1206,13.05,23.39,31.77,,,
2020-02-14 11:34,1207,13.06,23.36,31.78,,,
2020-02-14 11:34,1208,13.04,23.36,31.82,,,
2020-02-14 11:34,1209,13.06,23.43,31.85,,,
2020-02-14 11:34,1210,13.05,23.38,31.89,,,
2020-02-14 11:34,1211,13.04,23.39,31.95,,,
2020-02-14 11:34,1212,13.04,23.38,31.92,,,
2020-02-14 11:34,1213,13.04,23.39,32.04,,,
2020-02-14 11:34,1214,13.05,23.39,32.05,,,
2020-02-14 11:34,1215,13.06,23.39,32.05,,,
2020-02-14 11:34,1216,13.04,23.39,32.11,,,
2020-02-14 11:34,1217,13.06,23.39,32.12,,,
2020-02-14 11:34,1218,13.05,23.34,32.14,,,
2020-02-14 11:34,1219,13.04,23.41,32.22,,,
2020-02-14 11:34,1220,13.04,23.43,32.21,,,
2020-02-14 11:34,1221,13.05,23.41,32.26,,,
2020-02-14 11:34,1222,13.05,23.43,32.34,,,
2020-02-14 11:34,1223,13.04,23.32,32.36,,,
2020-02-14 11:34,1224,13.05,23.38,32.41,,,
2020-02-14 11:34,1225,13.05,23.44,32.46,,,
2020-02-14 11:34,1226,13.05,23.41,32.5,,,
2020-02-14 11:34,1227,13.04,23.39,32.56,,,
2020-02-14 11:34,1228,13.04,23.38,32.55,,,
2020-02-14 11:34,1229,13.04,23.34,32.56,,,
2020-02-14 11:34,1230,13.04,23.39,32.53,,,
2020-02-14 11:34,1231,13.04,23.44,32.55,,,
2020-02-14 11:34,1232,13.05,23.38,32.55,,,
2020-02-14 11:34,1233,13.04,23.36,32.53,,,
2020-02-14 11:34,1234,13.04,23.39,32.53,,,
2020-02-14 11:34,1235,13.04,23.43,32.53,,,
2020-02-14 11:34,1236,13.04,23.39,32.51,,,
2020-02-14 11:34,1237,13.05,23.39,32.51,,,
2020-02-14 11:34,1238,13.04,23.36,32.51,,,
2020-02-14 11:34,1239,13.05,23.36,32.55,,,
2020-02-14 11:34,1240,13.04,23.43,32.58,,,
2020-02-14 11:34,1241,13.04,23.41,32.56,,,
2020-02-14 11:34,1242,13.05,23.38,32.61,,,
2020-02-14 11:34,1243,13.05,23.39,32.58,,,
2020-02-14 11:34,1244,13.04,23.38,32.63,,,
2020-02-14 11:34,1245,13.04,23.41,32.61,,,
2020-02-14 11:34,1246,13.04,23.38,32.58,,,
2020-02-14 11:34,1247,13.04,23.41,32.56,,,
2020-02-14 11:34,1248,13.04,23.38,32.55,,,
2020-02-14 11:34,1249,13.05,23.34,32.56,,,
2020-02-14 11:34,1250,13.04,23.32,32.51,,,
2020-02-14 11:34,1251,13.04,23.31,32.46,,,
2020-02-14 11:34,1252,13.04,23.29,32.43,,,
2020-02-14 11:34,1253,13.04,23.38,32.46,,,
2020-02-14 11:35,1254,13.04,23.41,32.46,,,
2020-02-14 11:35,1255,13.05,23.32,32.41,,,
2020-02-14 11:35,1256,13.06,23.32,32.39,,,
2020-02-14 11:35,1257,13.04,23.38,32.34,,,
2020-02-14 11:35,1258,13.04,23.36,32.34,,,
2020-02-14 11:35,1259,13.05,23.29,32.34,,,
2020-02-14 11:35,1260,13.05,23.36,32.31,,,
2020-02-14 11:35,1261,13.04,23.36,32.28,,,
2020-02-14 11:35,1262,13.04,23.41,32.29,,,
2020-02-14 11:35,1263,13.04,23.34,32.28,,,
2020-02-14 11:35,1264,13.04,23.32,32.24,,,
2020-02-14 11:35,1265,13.04,23.32,32.19,,,
2020-02-14 11:35,1266,13.04,23.32,32.19,,,
2020-02-14 11:35,1267,13.04,23.36,32.16,,,
2020-02-14 11:35,1268,13.04,23.31,32.16,,,
2020-02-14 11:35,1269,13.04,23.32,32.14,,,
2020-02-14 11:35,1270,13.05,23.34,32.14,,,
2020-02-14 11:35,1271,13.04,23.44,32.12,,,
2020-02-14 11:35,1272,13.04,23.44,32.11,,,
2020-02-14 11:35,1273,13.04,23.39,32.09,,,
2020-02-14 11:35,1274,13.05,23.38,32.12,,,
2020-02-14 11:35,1275,13.04,23.39,32.14,,,
2020-02-14 11:35,1276,13.04,23.34,32.14,,,
2020-02-14 11:35,1277,13.05,23.32,32.16,,,
2020-02-14 11:35,1278,13.04,23.31,32.16,,,
2020-02-14 11:35,1279,13.04,23.31,32.19,,,
2020-02-14 11:35,1280,13.04,23.36,32.19,,,
2020-02-14 11:35,1281,13.04,23.34,32.22,,,
2020-02-14 11:35,1282,13.04,23.31,32.22,,,
2020-02-14 11:35,1283,13.04,23.36,32.17,,,
2020-02-14 11:35,1284,13.04,23.29,32.22,,,
2020-02-14 11:35,1285,13.04,23.32,32.22,,,
2020-02-14 11:35,1286,13.04,23.32,32.21,,,
2020-02-14 11:35,1287,13.04,23.32,32.19,,,
2020-02-14 11:35,1288,13.04,23.32,32.19,,,
2020-02-14 11:35,1289,13.04,23.34,32.28,,,
2020-02-14 11:35,1290,13.04,23.36,32.24,,,
2020-02-14 11:35,1291,13.04,23.31,32.28,,,
2020-02-14 11:35,1292,13.04,23.32,32.34,,,
2020-02-14 11:35,1293,13.04,23.32,32.31,,,
2020-02-14 11:35,1294,13.04,23.37,32.34,,,
2020-02-14 11:35,1295,13.04,23.32,32.28,,,
2020-02-14 11:35,1296,13.04,23.29,32.31,,,
2020-02-14 11:35,1297,13.05,23.29,32.33,,,
2020-02-14 11:35,1298,13.04,23.31,32.33,,,
2020-02-14 11:35,1299,13.05,23.34,32.34,,,
2020-02-14 11:35,1300,13.04,23.32,32.31,,,
2020-02-14 11:35,1301,13.04,23.27,32.31,,,
2020-02-14 11:35,1302,13.04,23.34,32.33,,,
2020-02-14 11:35,1303,13.04,23.32,32.29,,,
2020-02-14 11:35,1304,13.04,23.29,32.28,,,
2020-02-14 11:35,1305,13.05,23.32,32.29,,,
2020-02-14 11:35,1306,13.04,23.31,32.31,,,
2020-02-14 11:35,1307,13.04,23.37,32.36,,,
2020-02-14 11:35,1308,13.03,23.31,32.31,,,
2020-02-14 11:35,1309,13.04,23.37,32.31,,,
2020-02-14 11:35,1310,13.04,23.31,32.33,,,
2020-02-14 11:35,1311,13.04,23.29,32.36,,,
2020-02-14 11:35,1312,13.04,23.32,32.36,,,
2020-02-14 11:35,1313,13.05,23.32,32.33,,,
2020-02-14 11:36,1314,13.04,23.34,32.33,,,
2020-02-14 11:36,1315,13.04,23.36,32.33,,,
2020-02-14 11:36,1316,13.04,23.32,32.33,,,
2020-02-14 11:36,1317,13.03,23.37,32.33,,,
2020-02-14 11:36,1318,13.04,23.32,32.29,,,
2020-02-14 11:36,1319,13.04,23.32,32.29,,,
2020-02-14 11:36,1320,13.03,23.36,32.29,,,
2020-02-14 11:36,1321,13.04,23.32,32.26,,,
2020-02-14 11:36,1322,13.04,23.34,32.26,,,
2020-02-14 11:36,1323,13.03,23.32,32.26,,,
2020-02-14 11:36,1324,13.04,23.32,32.26,,,
2020-02-14 11:36,1325,13.04,23.34,32.28,,,
2020-02-14 11:36,1326,13.04,23.34,32.28,,,
2020-02-14 11:36,1327,13.04,23.32,32.26,,,
2020-02-14 11:36,1328,13.03,23.27,32.24,,,
2020-02-14 11:36,1329,13.04,23.31,32.21,,,
2020-02-14 11:36,1330,13.04,23.27,32.24,,,
2020-02-14 11:36,1331,13.04,23.31,32.21,,,
2020-02-14 11:36,1332,13.04,23.29,32.21,,,
2020-02-14 11:36,1333,13.04,23.32,32.24,,,
2020-02-14 11:36,1334,13.03,23.31,32.16,,,
2020-02-14 11:36,1335,13.05,23.34,32.14,,,
2020-02-14 11:36,1336,13.04,23.29,32.12,,,
2020-02-14 11:36,1337,13.04,23.31,32.14,,,
2020-02-14 11:36,1338,13.04,23.27,32.16,,,
2020-02-14 11:36,1339,13.03,23.24,32.16,,,
2020-02-14 11:36,1340,13.04,23.27,32.17,,,
2020-02-14 11:36,1341,13.04,23.27,32.21,,,
2020-02-14 11:36,1342,13.04,23.26,32.19,,,
2020-02-14 11:36,1343,13.04,23.26,32.26,,,
2020-02-14 11:36,1344,13.03,23.31,32.28,,,
2020-02-14 11:36,1345,13.03,23.26,32.26,,,
2020-02-14 11:36,1346,13.03,23.34,32.26,,,
2020-02-14 11:36,1347,13.03,23.34,32.34,,,
2020-02-14 11:36,1348,13.04,23.24,32.34,,,
2020-02-14 11:36,1349,13.04,23.26,32.33,,,
2020-02-14 11:36,1350,13.03,23.24,32.33,,,
2020-02-14 11:36,1351,13.04,23.31,32.33,,,
2020-02-14 11:36,1352,13.04,23.2,32.31,,,
2020-02-14 11:36,1353,13.04,23.26,32.31,,,
2020-02-14 11:36,1354,13.03,23.24,32.33,,,
2020-02-14 11:36,1355,13.04,23.26,32.33,,,
2020-02-14 11:36,1356,13.03,23.26,32.34,,,
2020-02-14 11:36,1357,13.03,23.24,32.33,,,
2020-02-14 11:36,1358,13.03,23.22,32.33,,,
2020-02-14 11:36,1359,13.03,23.22,32.31,,,
2020-02-14 11:36,1360,13.04,23.26,32.33,,,
2020-02-14 11:36,1361,13.04,23.29,32.36,,,
2020-02-14 11:36,1362,13.03,23.26,32.31,,,
2020-02-14 11:36,1363,13.03,23.2,32.38,,,
2020-02-14 11:36,1364,13.04,23.22,32.36,,,
2020-02-14 11:36,1365,13.04,23.27,32.38,,,
2020-02-14 11:36,1366,13.04,23.32,32.38,,,
2020-02-14 11:36,1367,13.04,23.24,32.39,,,
2020-02-14 11:36,1368,13.05,23.2,32.43,,,
2020-02-14 11:36,1369,13.04,23.22,32.46,,,
2020-02-14 11:36,1370,13.04,23.27,32.44,,,
2020-02-14 11:36,1371,13.03,23.26,32.41,,,
2020-02-14 11:36,1372,13.03,23.27,32.36,,,
2020-02-14 11:36,1373,13.04,23.19,32.34,,,
2020-02-14 11:37,1374,13.03,23.27,32.39,,,
2020-02-14 11:37,1375,13.03,23.26,32.34,,,
2020-02-14 11:37,1376,13.04,23.26,32.36,,,
2020-02-14 11:37,1377,13.04,23.26,32.34,,,
2020-02-14 11:37,1378,13.03,23.2,32.36,,,
2020-02-14 11:37,1379,13.03,23.27,32.36,,,
2020-02-14 11:37,1380,13.03,23.2,32.38,,,
2020-02-14 11:37,1381,13.03,23.26,32.34,,,
2020-02-14 11:37,1382,13.04,23.29,32.38,,,
2020-02-14 11:37,1383,13.03,23.24,32.38,,,
2020-02-14 11:37,1384,13.03,23.24,32.39,,,
2020-02-14 11:37,1385,13.03,23.27,32.43,,,
2020-02-14 11:37,1386,13.04,23.24,32.38,,,
2020-02-14 11:37,1387,13.04,23.31,32.41,,,
2020-02-14 11:37,1388,13.03,23.22,32.43,,,
2020-02-14 11:37,1389,13.03,23.24,32.43,,,
2020-02-14 11:37,1390,13.03,23.26,32.39,,,
2020-02-14 11:37,1391,13.03,23.24,32.38,,,
2020-02-14 11:37,1392,13.04,23.27,32.36,,,
2020-02-14 11:37,1393,13.03,23.26,32.31,,,
2020-02-14 11:37,1394,13.03,23.2,32.31,,,
2020-02-14 11:37,1395,13.03,23.24,32.31,,,
2020-02-14 11:37,1396,13.03,23.26,32.26,,,
2020-02-14 11:37,1397,13.03,23.31,32.28,,,
2020-02-14 11:37,1398,13.03,23.27,32.26,,,
2020-02-14 11:37,1399,13.03,23.2,32.24,,,
2020-02-14 11:37,1400,13.04,23.24,32.24,,,
2020-02-14 11:37,1401,13.03,23.24,32.21,,,
2020-02-14 11:37,1402,13.04,23.29,32.19,,,
2020-02-14 11:37,1403,13.03,23.27,32.16,,,
2020-02-14 11:37,1404,13.03,23.22,32.17,,,
2020-02-14 11:37,1405,13.03,23.27,32.22,,,
2020-02-14 11:37,1406,13.03,23.22,32.22,,,
2020-02-14 11:37,1407,13.03,23.27,32.24,,,
2020-02-14 11:37,1408,13.03,23.24,32.24,,,
2020-02-14 11:37,1409,13.03,23.26,32.22,,,
2020-02-14 11:37,1410,13.04,23.26,32.26,,,
2020-02-14 11:37,1411,13.03,23.24,32.21,,,
2020-02-14 11:37,1412,13.03,23.17,32.22,,,
2020-02-14 11:37,1413,13.03,23.31,32.24,,,
2020-02-14 11:37,1414,13.03,23.19,32.22,,,
2020-02-14 11:37,1415,13.03,23.22,32.26,,,
2020-02-14 11:37,1416,13.03,23.19,32.26,,,
2020-02-14 11:37,1417,13.03,23.27,32.26,,,
2020-02-14 11:37,1418,13.03,23.31,32.26,,,
2020-02-14 11:37,1419,13.04,23.26,32.19,,,
2020-02-14 11:37,1420,13.03,23.26,32.26,,,
2020-02-14 11:37,1421,13.03,23.19,32.28,,,
2020-02-14 11:37,1422,13.03,23.27,32.28,,,
2020-02-14 11:37,1423,13.03,23.22,32.28,,,
2020-02-14 11:37,1424,13.03,23.19,32.22,,,
2020-02-14 11:37,1425,13.03,23.17,32.24,,,
2020-02-14 11:37,1426,13.03,23.22,32.24,,,
2020-02-14 11:37,1427,13.03,23.22,32.19,,,
2020-02-14 11:37,1428,13.03,23.15,32.19,,,
2020-02-14 11:37,1429,13.03,23.17,32.17,,,
2020-02-14 11:37,1430,13.03,23.26,32.17,,,
2020-02-14 11:37,1431,13.03,23.22,32.17,,,
2020-02-14 11:37,1432,13.03,23.22,32.17,,,
2020-02-14 11:37,1433,13.03,23.24,32.17,,,
2020-02-14 11:38,1434,13.03,23.27,32.16,,,
2020-02-14 11:38,1435,13.03,23.21,32.17,,,
2020-02-14 11:38,1436,13.03,23.24,32.21,,,
2020-02-14 11:38,1437,13.02,23.19,32.17,,,
2020-02-14 11:38,1438,13.03,23.26,32.19,,,
2020-02-14 11:38,1439,13.03,23.19,32.19,,,
2020-02-14 11:38,1440,13.03,23.21,32.17,,,
2020-02-14 11:38,1441,13.03,23.17,32.16,,,
2020-02-14 11:38,1442,13.03,23.17,32.14,,,
2020-02-14 11:38,1443,13.03,23.24,32.14,,,
2020-02-14 11:38,1444,13.03,23.22,32.14,,,
2020-02-14 11:38,1445,13.03,23.19,32.12,,,
2020-02-14 11:38,1446,13.03,23.22,32.16,,,
2020-02-14 11:38,1447,13.03,23.22,32.14,,,
2020-02-14 11:38,1448,13.03,23.15,32.14,,,
2020-02-14 11:38,1449,13.03,23.15,32.14,,,
2020-02-14 11:38,1450,13.03,23.17,32.12,,,
2020-02-14 11:38,1451,13.03,23.21,32.16,,,
2020-02-14 11:38,1452,13.03,23.17,32.14,,,
2020-02-14 11:38,1453,13.04,23.21,32.19,,,
2020-02-14 11:38,1454,13.02,23.21,32.17,,,
2020-02-14 11:38,1455,13.03,23.15,32.16,,,
2020-02-14 11:38,1456,13.02,23.22,32.17,,,
2020-02-14 11:38,1457,13.02,23.17,32.21,,,
2020-02-14 11:38,1458,13.03,23.17,32.22,,,
2020-02-14 11:38,1459,13.03,23.22,32.24,,,
2020-02-14 11:38,1460,13.03,23.19,32.22,,,
2020-02-14 11:38,1461,13.03,23.15,32.21,,,
2020-02-14 11:38,1462,13.03,23.15,32.28,,,
2020-02-14 11:38,1463,13.02,23.15,32.31,,,
2020-02-14 11:38,1464,13.03,23.21,32.31,,,
2020-02-14 11:38,1465,13.03,23.15,32.31,,,
2020-02-14 11:38,1466,13.03,23.21,32.34,,,
2020-02-14 11:38,1467,13.03,23.17,32.38,,,
2020-02-14 11:38,1468,13.03,23.19,32.39,,,
2020-02-14 11:38,1469,13.02,23.24,32.45,,,
2020-02-14 11:38,1470,13.02,23.21,32.43,,,
2020-02-14 11:38,1471,13.03,23.19,32.5,,,
2020-02-14 11:38,1472,13.03,23.15,32.53,,,
2020-02-14 11:38,1473,13.03,23.17,32.53,,,
2020-02-14 11:38,1474,13.03,23.17,32.56,,,
2020-02-14 11:38,1475,13.03,23.17,32.6,,,
2020-02-14 11:38,1476,13.03,23.17,32.61,,,
2020-02-14 11:38,1477,13.02,23.21,32.68,,,
2020-02-14 11:38,1478,13.02,23.19,32.67,,,
2020-02-14 11:38,1479,13.03,23.21,32.68,,,
2020-02-14 11:38,1480,13.02,23.14,32.75,,,
2020-02-14 11:38,1481,13.03,23.21,32.72,,,
2020-02-14 11:38,1482,13.03,23.21,32.72,,,
2020-02-14 11:38,1483,13.03,23.21,32.73,,,
2020-02-14 11:38,1484,13.03,23.21,32.75,,,
2020-02-14 11:38,1485,13.03,23.19,32.78,,,
2020-02-14 11:38,1486,13.04,23.21,32.75,,,
2020-02-14 11:38,1487,13.02,23.14,32.77,,,
2020-02-14 11:38,1488,13.03,23.17,32.77,,,
2020-02-14 11:38,1489,13.03,23.19,32.77,,,
2020-02-14 11:38,1490,13.02,23.21,32.78,,,
2020-02-14 11:38,1491,13.02,23.24,32.75,,,
2020-02-14 11:38,1492,13.02,23.21,32.77,,,
2020-02-14 11:38,1493,13.03,23.22,32.78,,,
2020-02-14 11:39,1494,13.03,23.22,32.75,,,
2020-02-14 11:39,1495,13.02,23.15,32.78,,,
2020-02-14 11:39,1496,13.03,23.14,32.78,,,
2020-02-14 11:39,1497,13.03,23.1,32.77,,,
2020-02-14 11:39,1498,13.02,23.19,32.73,,,
2020-02-14 11:39,1499,13.03,23.21,32.73,,,
2020-02-14 11:39,1500,13.02,23.22,32.7,,,
2020-02-14 11:39,1501,13.02,23.14,32.72,,,
2020-02-14 11:39,1502,13.03,23.19,32.72,,,
2020-02-14 11:39,1503,13.02,23.21,32.67,,,
2020-02-14 11:39,1504,13.03,23.19,32.67,,,
2020-02-14 11:39,1505,13.03,23.1,32.68,,,
2020-02-14 11:39,1506,13.02,23.17,32.65,,,
2020-02-14 11:39,1507,13.02,23.24,32.63,,,
2020-02-14 11:39,1508,13.03,23.14,32.65,,,
2020-02-14 11:39,1509,13.03,23.07,32.67,,,
2020-02-14 11:39,1510,13.03,23.19,32.65,,,
2020-02-14 11:39,1511,13.02,23.21,32.65,,,
2020-02-14 11:39,1512,13.03,23.19,32.65,,,
2020-02-14 11:39,1513,13.03,23.17,32.61,,,
2020-02-14 11:39,1514,13.04,23.09,32.63,,,
2020-02-14 11:39,1515,13.03,23.14,32.61,,,
2020-02-14 11:39,1516,13.03,23.14,32.67,,,
2020-02-14 11:39,1517,13.03,23.17,32.67,,,
2020-02-14 11:39,1518,13.03,23.14,32.7,,,
2020-02-14 11:39,1519,13.03,23.15,32.72,,,
2020-02-14 11:39,1520,13.03,23.14,32.73,,,
2020-02-14 11:39,1521,13.03,23.14,32.75,,,
2020-02-14 11:39,1522,13.03,23.1,32.7,,,
2020-02-14 11:39,1523,13.06,23.15,32.73,,,
2020-02-14 11:39,1524,13.04,23.12,32.99,,,
2020-02-14 11:39,1525,13.04,23.12,34.21,,,
2020-02-14 11:39,1526,13.06,23.29,40.66,,,
2020-02-14 11:39,1527,13.02,23.26,45,,,
2020-02-14 11:39,1528,13.02,23.49,52.43,,,
2020-02-14 11:39,1529,13.03,23.46,59.29,,,
2020-02-14 11:39,1530,13.02,23.46,62.53,,,
2020-02-14 11:39,1531,13.02,23.56,68,,,
2020-02-14 11:39,1532,13.03,23.56,70.35,,,
2020-02-14 11:39,1533,13.04,23.68,74.43,,,
2020-02-14 11:39,1534,13.04,23.73,76.21,,,
2020-02-14 11:39,1535,13.03,23.68,79.18,,,
2020-02-14 11:39,1536,13.03,23.77,80.4,,,
2020-02-14 11:39,1537,13.03,23.82,82.5,,,
2020-02-14 11:39,1538,13.03,23.85,83.9,,,
2020-02-14 11:39,1539,13.03,23.88,84.9,,,
2020-02-14 11:39,1540,13.03,23.83,86.1,,,
2020-02-14 11:39,1541,13.03,23.83,86.6,,,
2020-02-14 11:39,1542,13.02,23.88,87.5,,,
2020-02-14 11:39,1543,13.02,23.85,87.8,,,
2020-02-14 11:39,1544,13.04,23.85,88.5,,,
2020-02-14 11:39,1545,13.02,23.85,88.8,,,
2020-02-14 11:39,1546,13.03,23.87,89.3,,,
2020-02-14 11:39,1547,13.03,23.88,89.5,,,
2020-02-14 11:39,1548,13.02,23.85,89.8,,,
2020-02-14 11:39,1549,13.06,23.85,90.2,,,
2020-02-14 11:39,1550,13.06,23.85,90.3,,,
2020-02-14 11:39,1551,13.03,23.83,90.6,,,
2020-02-14 11:39,1552,13.02,23.83,90.7,,,
2020-02-14 11:39,1553,13.02,23.87,90.9,,,
2020-02-14 11:40,1554,13.02,23.88,91,,,
2020-02-14 11:40,1555,13.03,23.85,91.1,,,
2020-02-14 11:40,1556,13.02,23.82,91.2,,,
2020-02-14 11:40,1557,13.03,23.83,91.4,,,
2020-02-14 11:40,1558,13.03,23.87,91.5,,,
2020-02-14 11:40,1559,13.03,23.87,91.5,,,
2020-02-14 11:40,1560,13.03,23.85,91.7,,,
2020-02-14 11:40,1561,13.03,23.85,91.7,,,
2020-02-14 11:40,1562,13.03,23.85,91.8,,,
2020-02-14 11:40,1563,13.02,23.88,91.9,,,
2020-02-14 11:40,1564,13.03,23.85,91.9,,,
2020-02-14 11:40,1565,13.02,23.9,92,,,
2020-02-14 11:40,1566,13.02,23.85,92,,,
2020-02-14 11:40,1567,13.03,23.8,92,,,
2020-02-14 11:40,1568,13.02,23.78,92.1,,,
2020-02-14 11:40,1569,13.03,23.78,92.1,,,
2020-02-14 11:40,1570,13.02,23.8,92.2,,,
2020-02-14 11:40,1571,13.03,23.83,92.2,,,
2020-02-14 11:40,1572,13.03,23.83,92.2,,,
2020-02-14 11:40,1573,13.03,23.78,92.3,,,
2020-02-14 11:40,1574,13.02,23.76,92.3,,,
2020-02-14 11:40,1575,13.02,23.82,92.3,,,
2020-02-14 11:40,1576,13.02,23.78,92.3,,,
2020-02-14 11:40,1577,13.02,23.87,92.4,,,
2020-02-14 11:40,1578,13.02,23.78,92.4,,,
2020-02-14 11:40,1579,13.02,23.8,92.4,,,
2020-02-14 11:40,1580,13.03,23.76,92.5,,,
2020-02-14 11:40,1581,13.02,23.78,92.5,,,
2020-02-14 11:40,1582,13.02,23.76,92.5,,,
2020-02-14 11:40,1583,13.02,23.78,92.5,,,
2020-02-14 11:40,1584,13.02,23.8,92.6,,,
2020-02-14 11:40,1585,13.02,23.82,92.5,,,
2020-02-14 11:40,1586,13.02,23.78,92.6,,,
2020-02-14 11:40,1587,13.02,23.75,92.6,,,
2020-02-14 11:40,1588,13.02,23.82,92.7,,,
2020-02-14 11:40,1589,13.02,23.8,92.6,,,
2020-02-14 11:40,1590,13.02,23.8,92.6,,,
2020-02-14 11:40,1591,13.03,23.85,92.7,,,
2020-02-14 11:40,1592,13.03,23.76,92.7,,,
2020-02-14 11:40,1593,13.02,23.78,92.7,,,
2020-02-14 11:40,1594,13.02,23.8,92.7,,,
2020-02-14 11:40,1595,13.03,23.71,92.7,,,
2020-02-14 11:40,1596,13.02,23.8,92.7,,,
2020-02-14 11:40,1597,13.02,23.78,92.7,,,
2020-02-14 11:40,1598,13.02,23.8,92.8,,,
2020-02-14 11:40,1599,13.03,23.73,92.8,,,
2020-02-14 11:40,1600,13.02,23.73,92.8,,,
2020-02-14 11:40,1601,13.02,23.82,92.8,,,
2020-02-14 11:40,1602,13.03,23.78,92.8,,,
2020-02-14 11:40,1603,13.02,23.75,92.8,,,
2020-02-14 11:40,1604,13.02,23.66,92.8,,,
2020-02-14 11:40,1605,13.03,23.68,92.9,,,
2020-02-14 11:40,1606,13.02,23.76,92.9,,,
2020-02-14 11:40,1607,13.02,23.73,92.9,,,
2020-02-14 11:40,1608,13.03,23.7,92.9,,,
2020-02-14 11:40,1609,13.02,23.66,92.9,,,
2020-02-14 11:40,1610,13.02,23.7,92.9,,,
2020-02-14 11:40,1611,13.02,23.76,92.9,,,
2020-02-14 11:40,1612,13.03,23.71,92.9,,,
2020-02-14 11:40,1613,13.02,23.71,92.9,,,
2020-02-14 11:41,1614,13.02,23.7,92.9,,,
2020-02-14 11:41,1615,13.02,23.73,92.9,,,
2020-02-14 11:41,1616,13.02,23.78,92.9,,,
2020-02-14 11:41,1617,13.02,23.75,92.9,,,
2020-02-14 11:41,1618,13.02,23.68,93,,,
2020-02-14 11:41,1619,13.01,23.75,93,,,
2020-02-14 11:41,1620,13.03,23.75,93,,,
2020-02-14 11:41,1621,13.02,23.73,93,,,
2020-02-14 11:41,1622,13.02,23.7,92.9,,,
2020-02-14 11:41,1623,13.02,23.71,93,,,
2020-02-14 11:41,1624,13.03,23.73,93,,,
2020-02-14 11:41,1625,13.02,23.71,93,,,
2020-02-14 11:41,1626,13.02,23.71,93,,,
2020-02-14 11:41,1627,13.02,23.73,93,,,
2020-02-14 11:41,1628,13.02,23.71,93,,,
2020-02-14 11:41,1629,13.02,23.71,93,,,
2020-02-14 11:41,1630,13.02,23.73,93,,,
2020-02-14 11:41,1631,13.02,23.73,93,,,
2020-02-14 11:41,1632,13.02,23.76,93,,,
2020-02-14 11:41,1633,13.02,23.71,93,,,
2020-02-14 11:41,1634,13.02,23.75,93,,,
2020-02-14 11:41,1635,13.02,23.66,93,,,
2020-02-14 11:41,1636,13.02,23.71,93.1,,,
2020-02-14 11:41,1637,13.02,23.76,93.1,,,
2020-02-14 11:41,1638,13.03,23.71,93,,,
2020-02-14 11:41,1639,13.02,23.71,93.1,,,
2020-02-14 11:41,1640,13.03,23.66,93.1,,,
2020-02-14 11:41,1641,13.02,23.63,93.1,,,
2020-02-14 11:41,1642,13.02,23.76,93.1,,,
2020-02-14 11:41,1643,13.03,23.73,93.1,,,
2020-02-14 11:41,1644,13.02,23.68,93.1,,,
2020-02-14 11:41,1645,13.02,23.63,93.1,,,
2020-02-14 11:41,1646,13.02,23.73,93.1,,,
2020-02-14 11:41,1647,13.02,23.66,93.1,,,
2020-02-14 11:41,1648,13.02,23.73,93.1,,,
2020-02-14 11:41,1649,13.02,23.71,93.1,,,
2020-02-14 11:41,1650,13.02,23.68,93.1,,,
2020-02-14 11:41,1651,13.02,23.76,93.1,,,
2020-02-14 11:41,1652,13.01,23.75,93.1,,,
2020-02-14 11:41,1653,13.02,23.7,93.1,,,
2020-02-14 11:41,1654,13.01,23.66,93.1,,,
2020-02-14 11:41,1655,13.02,23.66,93.2,,,
2020-02-14 11:41,1656,13.02,23.68,93.1,,,
2020-02-14 11:41,1657,13.02,23.68,93.1,,,
2020-02-14 11:41,1658,13.02,23.73,93.2,,,
2020-02-14 11:41,1659,13.01,23.68,93.1,,,
2020-02-14 11:41,1660,13.02,23.66,93.2,,,
2020-02-14 11:41,1661,13.01,23.68,93.2,,,
2020-02-14 11:41,1662,13.03,23.61,93.2,,,
2020-02-14 11:41,1663,13.02,23.65,93.2,,,
2020-02-14 11:41,1664,13.01,23.65,93.1,,,
2020-02-14 11:41,1665,13.01,23.68,93.2,,,
2020-02-14 11:41,1666,13.02,23.66,93.2,,,
2020-02-14 11:41,1667,13.02,23.63,93.2,,,
2020-02-14 11:41,1668,13.02,23.65,93.2,,,
2020-02-14 11:41,1669,13.01,23.66,93.2,,,
2020-02-14 11:41,1670,13.02,23.71,93.2,,,
2020-02-14 11:41,1671,13.02,23.61,93.2,,,
2020-02-14 11:41,1672,13.01,23.61,93.2,,,
2020-02-14 11:41,1673,13.02,23.65,93.2,,,
2020-02-14 11:42,1674,13.02,23.66,93.2,,,
2020-02-14 11:42,1675,13.02,23.66,93.2,,,
2020-02-14 11:42,1676,13.02,23.61,93.2,,,
2020-02-14 11:42,1677,13.02,23.66,93.2,,,
2020-02-14 11:42,1678,13.02,23.7,93.2,,,
2020-02-14 11:42,1679,13.02,23.68,93.2,,,
2020-02-14 11:42,1680,13.02,23.6,93.2,,,
2020-02-14 11:42,1681,13.02,23.65,93.2,,,
2020-02-14 11:42,1682,13.02,23.7,93.2,,,
2020-02-14 11:42,1683,13.02,23.63,93.2,,,
2020-02-14 11:42,1684,13.02,23.61,93.2,,,
2020-02-14 11:42,1685,13.02,23.61,93.3,,,
2020-02-14 11:42,1686,13.01,23.68,93.3,,,
2020-02-14 11:42,1687,13.02,23.66,93.2,,,
2020-02-14 11:42,1688,13.02,23.68,93.2,,,
2020-02-14 11:42,1689,13.02,23.65,93.3,,,
2020-02-14 11:42,1690,13.01,23.65,93.3,,,
2020-02-14 11:42,1691,13.01,23.66,93.2,,,
2020-02-14 11:42,1692,13.01,23.68,93.2,,,
2020-02-14 11:42,1693,13.01,23.61,93.2,,,
2020-02-14 11:42,1694,13.01,23.65,93.3,,,
2020-02-14 11:42,1695,13.01,23.66,93.3,,,
2020-02-14 11:42,1696,13.01,23.68,93.3,,,
2020-02-14 11:42,1697,13.02,23.63,93.3,,,
2020-02-14 11:42,1698,13.01,23.6,93.3,,,
2020-02-14 11:42,1699,13.01,23.66,93.3,,,
2020-02-14 11:42,1700,13.02,23.7,93.3,,,
2020-02-14 11:42,1701,13.02,23.63,93.3,,,
2020-02-14 11:42,1702,13.02,23.61,93.3,,,
2020-02-14 11:42,1703,13.02,23.61,93.3,,,
2020-02-14 11:42,1704,13.02,23.71,93.3,,,
2020-02-14 11:42,1705,13.01,23.71,93.3,,,
2020-02-14 11:42,1706,13.02,23.61,93.3,,,
2020-02-14 11:42,1707,13.02,23.63,93.3,,,
2020-02-14 11:42,1708,13.01,23.61,93.3,,,
2020-02-14 11:42,1709,13.01,23.58,93.3,,,
2020-02-14 11:42,1710,13.01,23.56,93.3,,,
2020-02-14 11:42,1711,13.02,23.58,93.3,,,
2020-02-14 11:42,1712,13.02,23.65,93.3,,,
2020-02-14 11:42,1713,13.02,23.56,93.3,,,
2020-02-14 11:42,1714,13.02,23.68,93.3,,,
2020-02-14 11:42,1715,13.01,23.61,93.3,,,
2020-02-14 11:42,1716,13.01,23.6,93.3,,,
2020-02-14 11:42,1717,13.02,23.68,93.4,,,
2020-02-14 11:42,1718,13.02,23.68,93.3,,,
2020-02-14 11:42,1719,13.02,23.7,93.3,,,
2020-02-14 11:42,1720,13.02,23.66,93.4,,,
2020-02-14 11:42,1721,13.01,23.58,93.3,,,
2020-02-14 11:42,1722,13.01,23.56,93.4,,,
2020-02-14 11:42,1723,13.02,23.63,93.3,,,
2020-02-14 11:42,1724,13.01,23.63,93.4,,,
2020-02-14 11:42,1725,13.01,23.66,93.4,,,
2020-02-14 11:42,1726,13.02,23.54,93.3,,,
2020-02-14 11:42,1727,13.01,23.54,93.4,,,
2020-02-14 11:42,1728,13.02,23.58,93.3,,,
2020-02-14 11:42,1729,13.01,23.63,93.4,,,
2020-02-14 11:42,1730,13.01,23.66,93.4,,,
2020-02-14 11:42,1731,13.02,23.66,93.4,,,
2020-02-14 11:42,1732,13.01,23.68,93.4,,,
2020-02-14 11:42,1733,13.02,23.6,93.4,,,
2020-02-14 11:43,1734,13.01,23.63,93.4,,,
2020-02-14 11:43,1735,13.01,23.61,93.4,,,
2020-02-14 11:43,1736,13.02,23.54,93.4,,,
2020-02-14 11:43,1737,13.02,23.49,93.4,,,
2020-02-14 11:43,1738,13.02,23.61,93.4,,,
2020-02-14 11:43,1739,13.01,23.56,93.4,,,
2020-02-14 11:43,1740,13.01,23.58,93.4,,,
2020-02-14 11:43,1741,13.01,23.6,93.4,,,
2020-02-14 11:43,1742,13.02,23.63,93.4,,,
2020-02-14 11:43,1743,13.01,23.53,93.4,,,
2020-02-14 11:43,1744,13.01,23.56,93.4,,,
2020-02-14 11:43,1745,13.01,23.61,93.4,,,
2020-02-14 11:43,1746,13.01,23.53,93.4,,,
2020-02-14 11:43,1747,13.01,23.56,93.4,,,
2020-02-14 11:43,1748,13.01,23.51,93.5,,,
2020-02-14 11:43,1749,13.01,23.54,93.4,,,
2020-02-14 11:43,1750,13.01,23.63,93.4,,,
2020-02-14 11:43,1751,13.02,23.63,93.5,,,
2020-02-14 11:43,1752,13.01,23.56,93.4,,,
2020-02-14 11:43,1753,13.02,23.56,93.5,,,
2020-02-14 11:43,1754,13.02,23.58,93.4,,,
2020-02-14 11:43,1755,13.01,23.63,93.5,,,
2020-02-14 11:43,1756,13.02,23.61,93.5,,,
2020-02-14 11:43,1757,13.01,23.49,93.5,,,
2020-02-14 11:43,1758,13.01,23.56,93.5,,,
2020-02-14 11:43,1759,13.01,23.6,93.5,,,
2020-02-14 11:43,1760,13.01,23.61,93.5,,,
2020-02-14 11:43,1761,13.01,23.6,93.5,,,
2020-02-14 11:43,1762,13.01,23.58,93.5,,,
2020-02-14 11:43,1763,13.01,23.54,93.5,,,
2020-02-14 11:43,1764,13.01,23.56,93.5,,,
2020-02-14 11:43,1765,13.02,23.58,93.5,,,
2020-02-14 11:43,1766,13.01,23.56,93.5,,,
2020-02-14 11:43,1767,13.02,23.54,93.5,,,
2020-02-14 11:43,1768,13.01,23.54,93.5,,,
2020-02-14 11:43,1769,13.02,23.51,93.5,,,
2020-02-14 11:43,1770,13.01,23.56,93.5,,,
2020-02-14 11:43,1771,13.01,23.6,93.5,,,
2020-02-14 11:43,1772,13.01,23.6,93.5,,,
2020-02-14 11:43,1773,13.01,23.61,93.5,,,
2020-02-14 11:43,1774,13.01,23.51,93.5,,,
2020-02-14 11:43,1775,13.01,23.58,93.5,,,
2020-02-14 11:43,1776,13.01,23.53,93.5,,,
2020-02-14 11:43,1777,13.01,23.53,93.5,,,
2020-02-14 11:43,1778,13.01,23.51,93.6,,,
2020-02-14 11:43,1779,13.01,23.58,93.6,,,
2020-02-14 11:43,1780,13.01,23.6,93.6,,,
2020-02-14 11:43,1781,13.01,23.58,93.6,,,
2020-02-14 11:43,1782,13.01,23.51,93.5,,,
2020-02-14 11:43,1783,13.02,23.49,93.5,,,
2020-02-14 11:43,1784,13.01,23.61,93.6,,,
2020-02-14 11:43,1785,13.01,23.6,93.6,,,
2020-02-14 11:43,1786,13.01,23.58,93.6,,,
2020-02-14 11:43,1787,13,23.53,93.6,,,
2020-02-14 11:43,1788,13.01,23.51,93.6,,,
2020-02-14 11:43,1789,13.02,23.53,93.6,,,
2020-02-14 11:43,1790,13.01,23.46,93.6,,,
2020-02-14 11:43,1791,13.01,23.53,93.6,,,
2020-02-14 11:43,1792,13.01,23.54,93.6,,,
2020-02-14 11:43,1793,13.01,23.53,93.6,,,
2020-02-14 11:44,1794,13.01,23.53,93.6,,,
2020-02-14 11:44,1795,13.01,23.51,93.6,,,
2020-02-14 11:44,1796,13.01,23.51,93.6,,,
2020-02-14 11:44,1797,13.01,23.53,93.6,,,
2020-02-14 11:44,1798,13.01,23.53,93.6,,,
2020-02-14 11:44,1799,13.01,23.51,93.6,,,
2020-02-14 11:44,1800,13.01,23.51,93.7,,,
2020-02-14 11:44,1801,13.01,23.53,93.6,,,
2020-02-14 11:44,1802,13.01,23.53,93.6,,,
2020-02-14 11:44,1803,13.01,23.48,93.6,,,
2020-02-14 11:44,1804,13.01,23.51,93.6,,,
2020-02-14 11:44,1805,13.01,23.51,93.7,,,
2020-02-14 11:44,1806,13.01,23.56,93.7,,,
2020-02-14 11:44,1807,13.01,23.53,93.6,,,
2020-02-14 11:44,1808,13.02,23.49,93.6,,,
2020-02-14 11:44,1809,13.01,23.51,93.6,,,
2020-02-14 11:44,1810,13.01,23.54,93.7,,,
2020-02-14 11:44,1811,13.01,23.53,93.7,,,
2020-02-14 11:44,1812,13.01,23.51,93.7,,,
2020-02-14 11:44,1813,13.01,23.53,93.6,,,
2020-02-14 11:44,1814,13.01,23.49,93.7,,,
2020-02-14 11:44,1815,13.01,23.56,93.7,,,
2020-02-14 11:44,1816,13.01,23.53,93.7,,,
2020-02-14 11:44,1817,13.01,23.48,93.7,,,
2020-02-14 11:44,1818,13.01,23.51,93.6,,,
2020-02-14 11:44,1819,13.01,23.53,93.7,,,
2020-02-14 11:44,1820,13.01,23.49,93.7,,,
2020-02-14 11:44,1821,13.01,23.54,93.7,,,
2020-02-14 11:44,1822,13.01,23.51,93.7,,,
2020-02-14 11:44,1823,13,23.56,93.7,,,
2020-02-14 11:44,1824,13,23.46,93.7,,,
2020-02-14 11:44,1825,13,23.51,93.7,,,
2020-02-14 11:44,1826,13.01,23.49,93.7,,,
2020-02-14 11:44,1827,13,23.54,93.7,,,
2020-02-14 11:44,1828,13.01,23.51,93.7,,,
2020-02-14 11:44,1829,13,23.48,93.7,,,
2020-02-14 11:44,1830,13.01,23.48,93.7,,,
2020-02-14 11:44,1831,13.01,23.53,93.7,,,
2020-02-14 11:44,1832,13.01,23.54,93.7,,,
2020-02-14 11:44,1833,13.01,23.53,93.7,,,
2020-02-14 11:44,1834,13.01,23.54,93.7,,,
2020-02-14 11:44,1835,13.03,23.53,93.7,,,
2020-02-14 11:44,1836,12.98,23.56,93.7,,,
2020-02-14 11:44,1837,13,23.51,93.7,,,
2020-02-14 11:44,1838,12.99,23.51,93.7,,,
2020-02-14 11:44,1839,13.03,23.49,93.7,,,
2020-02-14 11:44,1840,13.01,23.53,93.7,,,
2020-02-14 11:44,1841,13.01,23.54,93.7,,,
2020-02-14 11:44,1842,13.02,23.49,93.7,,,
2020-02-14 11:44,1843,12.99,23.53,93.7,,,
2020-02-14 11:44,1844,12.99,23.54,93.7,,,
2020-02-14 11:44,1845,13.03,23.46,93.7,,,
2020-02-14 11:44,1846,13.02,23.51,93.7,,,
2020-02-14 11:44,1847,13.02,23.49,93.7,,,
2020-02-14 11:44,1848,13.03,23.44,93.7,,,
2020-02-14 11:44,1849,13.01,23.56,93.7,,,
2020-02-14 11:44,1850,13,23.49,93.7,,,
2020-02-14 11:44,1851,12.99,23.51,93.7,,,
2020-02-14 11:44,1852,13.01,23.49,93.7,,,
2020-02-14 11:44,1853,12.99,23.51,93.7,,,
2020-02-14 11:45,1854,13.02,23.53,93.7,,,
2020-02-14 11:45,1855,13.01,23.44,93.7,,,
2020-02-14 11:45,1856,12.98,23.56,93.7,,,
2020-02-14 11:45,1857,13,23.51,93.7,,,
2020-02-14 11:45,1858,13.01,23.39,93.7,,,
2020-02-14 11:45,1859,12.98,23.46,93.7,,,
2020-02-14 11:45,1860,13.01,23.48,93.7,,,
2020-02-14 11:45,1861,13,23.54,93.7,,,
2020-02-14 11:45,1862,13,23.41,93.7,,,
2020-02-14 11:45,1863,13.01,23.42,93.7,,,
2020-02-14 11:45,1864,13.01,23.42,93.7,,,
2020-02-14 11:45,1865,13,23.48,93.7,,,
2020-02-14 11:45,1866,13.01,23.49,93.7,,,
2020-02-14 11:45,1867,13,23.44,93.7,,,
2020-02-14 11:45,1868,13.01,23.44,93.7,,,
2020-02-14 11:45,1869,13.02,23.53,93.8,,,
2020-02-14 11:45,1870,13,23.53,93.7,,,
2020-02-14 11:45,1871,13,23.46,93.7,,,
2020-02-14 11:45,1872,13.01,23.48,93.7,,,
2020-02-14 11:45,1873,13,23.46,93.7,,,
2020-02-14 11:45,1874,13.01,23.42,93.8,,,
2020-02-14 11:45,1875,13,23.44,93.7,,,
2020-02-14 11:45,1876,13.01,23.42,93.7,,,
2020-02-14 11:45,1877,13,23.44,93.7,,,
2020-02-14 11:45,1878,13,23.48,93.7,,,
2020-02-14 11:45,1879,13,23.39,93.7,,,
2020-02-14 11:45,1880,13,23.48,93.8,,,
2020-02-14 11:45,1881,13,23.46,93.7,,,
2020-02-14 11:45,1882,13,23.51,93.8,,,
2020-02-14 11:45,1883,13.01,23.46,93.7,,,
2020-02-14 11:45,1884,13,23.39,93.7,,,
2020-02-14 11:45,1885,13,23.51,93.8,,,
2020-02-14 11:45,1886,13,23.44,93.7,,,
2020-02-14 11:45,1887,13.01,23.49,93.7,,,
2020-02-14 11:45,1888,13,23.46,93.7,,,
2020-02-14 11:45,1889,13,23.44,93.8,,,
2020-02-14 11:45,1890,13,23.44,93.8,,,
2020-02-14 11:45,1891,13,23.46,93.7,,,
2020-02-14 11:45,1892,13,23.44,93.7,,,
2020-02-14 11:45,1893,13,23.44,93.7,,,
2020-02-14 11:45,1894,13,23.42,93.7,,,
2020-02-14 11:45,1895,13.01,23.46,93.8,,,
2020-02-14 11:45,1896,13,23.48,93.7,,,
2020-02-14 11:45,1897,13,23.44,93.7,,,
2020-02-14 11:45,1898,13,23.51,93.7,,,
2020-02-14 11:45,1899,13,23.46,93.7,,,
2020-02-14 11:45,1900,13.01,23.44,93.7,,,
2020-02-14 11:45,1901,13.01,23.41,93.7,,,
2020-02-14 11:45,1902,13,23.42,93.7,,,
2020-02-14 11:45,1903,13,23.48,93.7,,,
2020-02-14 11:45,1904,13,23.44,93.7,,,
2020-02-14 11:45,1905,13,23.43,93.7,,,
2020-02-14 11:45,1906,12.99,23.41,93.7,,,
2020-02-14 11:45,1907,13.01,23.48,93.7,,,
2020-02-14 11:45,1908,13,23.49,93.8,,,
2020-02-14 11:45,1909,13.01,23.44,93.7,,,
2020-02-14 11:45,1910,13.01,23.46,93.7,,,
2020-02-14 11:45,1911,13,23.43,93.7,,,
2020-02-14 11:45,1912,13,23.48,93.7,,,
2020-02-14 11:45,1913,13.01,23.48,93.8,,,
2020-02-14 11:46,1914,13,23.44,93.7,,,
2020-02-14 11:46,1915,13,23.43,93.7,,,
2020-02-14 11:46,1916,13.01,23.44,93.7,,,
2020-02-14 11:46,1917,13.01,23.49,93.7,,,
2020-02-14 11:46,1918,13,23.44,93.7,,,
2020-02-14 11:46,1919,13,23.46,93.7,,,
2020-02-14 11:46,1920,13.01,23.48,93.7,,,
